date,port,cargo_type,historical_demand,inventory,import_volume,commodity_price,production_index,seasonality,port_traffic,demand
2018-01-01,Visakhapatnam,Coal,210719,90669,219321,106.6,103.0,0.925,52,235852
2018-01-01,Visakhapatnam,Iron Ore,152682,56512,163749,106.6,103.0,0.925,49,176921
2018-01-01,Paradip,Coal,225584,94398,215760,106.6,103.0,0.925,55,256594
2018-01-01,Paradip,Iron Ore,176910,66146,154332,106.6,103.0,0.925,55,194630
2018-01-01,Chennai,Coal,139321,45652,143848,106.6,103.0,0.925,37,163455
2018-01-01,Chennai,Iron Ore,108122,44414,104934,106.6,103.0,0.925,34,123474
2018-01-01,Kamarajar,Coal,154603,53796,136665,106.6,103.0,0.925,40,174567
2018-01-01,Kamarajar,Iron Ore,122584,54651,126929,106.6,103.0,0.925,34,139307
2018-01-01,Haldia,Coal,113380,45459,105627,106.6,103.0,0.925,26,116540
2018-01-01,Haldia,Iron Ore,102107,30971,90596,106.6,103.0,0.925,30,113243
2018-02-01,Visakhapatnam,Coal,212478,89646,184504,111.4,99.1,1.0,57,218889
2018-02-01,Visakhapatnam,Iron Ore,176058,54012,189028,111.4,99.1,1.0,54,191687
2018-02-01,Paradip,Coal,229310,98307,198469,111.4,99.1,1.0,60,238307
2018-02-01,Paradip,Iron Ore,182646,79731,178813,111.4,99.1,1.0,49,202852
2018-02-01,Chennai,Coal,157259,62957,169559,111.4,99.1,1.0,36,179678
2018-02-01,Chennai,Iron Ore,114219,47509,118376,111.4,99.1,1.0,37,126970
2018-02-01,Kamarajar,Coal,178474,69460,170252,111.4,99.1,1.0,34,187445
2018-02-01,Kamarajar,Iron Ore,132905,53645,128566,111.4,99.1,1.0,40,148675
2018-02-01,Haldia,Coal,130597,47266,136679,111.4,99.1,1.0,26,143117
2018-02-01,Haldia,Iron Ore,120445,50517,109641,111.4,99.1,1.0,31,124816
2018-03-01,Visakhapatnam,Coal,243036,87841,250800,136.9,98.0,1.075,55,267016
2018-03-01,Visakhapatnam,Iron Ore,200490,78107,191546,136.9,98.0,1.075,47,209480
2018-03-01,Paradip,Coal,247760,105120,265248,136.9,98.0,1.075,57,264556
2018-03-01,Paradip,Iron Ore,218143,92626,236301,136.9,98.0,1.075,63,235305
2018-03-01,Chennai,Coal,189255,69894,176526,136.9,98.0,1.075,44,200592
2018-03-01,Chennai,Iron Ore,131905,58431,135065,136.9,98.0,1.075,38,142856
2018-03-01,Kamarajar,Coal,174124,54082,178272,136.9,98.0,1.075,42,193099
2018-03-01,Kamarajar,Iron Ore,135329,41610,125528,136.9,98.0,1.075,38,148809
2018-03-01,Haldia,Coal,137211,47784,143189,136.9,98.0,1.075,29,146807
2018-03-01,Haldia,Iron Ore,116555,46995,113433,136.9,98.0,1.075,35,130875
2018-04-01,Visakhapatnam,Coal,252020,82797,230590,109.9,103.1,1.13,46,290964
2018-04-01,Visakhapatnam,Iron Ore,188407,65019,171853,109.9,103.1,1.13,53,210843
2018-04-01,Paradip,Coal,277046,94427,260894,109.9,103.1,1.13,58,316065
2018-04-01,Paradip,Iron Ore,210230,89770,202677,109.9,103.1,1.13,52,232470
2018-04-01,Chennai,Coal,174735,69967,189217,109.9,103.1,1.13,35,191678
2018-04-01,Chennai,Iron Ore,143923,47989,129305,109.9,103.1,1.13,38,158380
2018-04-01,Kamarajar,Coal,204270,85975,192620,109.9,103.1,1.13,45,222749
2018-04-01,Kamarajar,Iron Ore,153193,67858,160741,109.9,103.1,1.13,39,169439
2018-04-01,Haldia,Coal,140871,48265,150299,109.9,103.1,1.13,31,163203
2018-04-01,Haldia,Iron Ore,127446,41906,127383,109.9,103.1,1.13,28,139336
2018-05-01,Visakhapatnam,Coal,248296,110849,259771,116.4,98.7,1.15,58,269601
2018-05-01,Visakhapatnam,Iron Ore,195222,82499,196287,116.4,98.7,1.15,48,217187
2018-05-01,Paradip,Coal,275200,96072,284697,116.4,98.7,1.15,56,301985
2018-05-01,Paradip,Iron Ore,220658,66670,203095,116.4,98.7,1.15,54,241589
2018-05-01,Chennai,Coal,193019,80463,209316,116.4,98.7,1.15,35,204169
2018-05-01,Chennai,Iron Ore,151275,50681,148466,116.4,98.7,1.15,36,168850
2018-05-01,Kamarajar,Coal,193507,67726,204350,116.4,98.7,1.15,44,219726
2018-05-01,Kamarajar,Iron Ore,146705,64877,127277,116.4,98.7,1.15,41,165152
2018-05-01,Haldia,Coal,153482,67392,150499,116.4,98.7,1.15,31,157123
2018-05-01,Haldia,Iron Ore,129808,45330,125401,116.4,98.7,1.15,36,138704
2018-06-01,Visakhapatnam,Coal,240075,73005,254675,115.3,97.9,1.13,46,263381
2018-06-01,Visakhapatnam,Iron Ore,193445,64615,195374,115.3,97.9,1.13,53,207557
2018-06-01,Paradip,Coal,266021,113109,254083,115.3,97.9,1.13,58,284199
2018-06-01,Paradip,Iron Ore,216378,94499,211963,115.3,97.9,1.13,52,227603
2018-06-01,Chennai,Coal,185222,57821,197010,115.3,97.9,1.13,45,200274
2018-06-01,Chennai,Iron Ore,150501,46056,152564,115.3,97.9,1.13,44,166373
2018-06-01,Kamarajar,Coal,183283,77891,180425,115.3,97.9,1.13,38,190218
2018-06-01,Kamarajar,Iron Ore,145985,64579,134267,115.3,97.9,1.13,43,157350
2018-06-01,Haldia,Coal,150420,65402,142230,115.3,97.9,1.13,41,155522
2018-06-01,Haldia,Iron Ore,110840,45873,97606,115.3,97.9,1.13,38,122137
2018-07-01,Visakhapatnam,Coal,229509,80860,241061,102.9,101.9,1.075,56,259798
2018-07-01,Visakhapatnam,Iron Ore,185851,63609,203564,102.9,101.9,1.075,48,209998
2018-07-01,Paradip,Coal,256829,81393,243030,102.9,101.9,1.075,60,286133
2018-07-01,Paradip,Iron Ore,206863,72925,190465,102.9,101.9,1.075,58,222352
2018-07-01,Chennai,Coal,183892,62127,175759,102.9,101.9,1.075,37,205947
2018-07-01,Chennai,Iron Ore,132800,50034,143948,102.9,101.9,1.075,37,145662
2018-07-01,Kamarajar,Coal,181433,69582,173809,102.9,101.9,1.075,46,204878
2018-07-01,Kamarajar,Iron Ore,147126,62271,136398,102.9,101.9,1.075,33,163378
2018-07-01,Haldia,Coal,135447,45323,136215,102.9,101.9,1.075,25,152212
2018-07-01,Haldia,Iron Ore,119134,36569,128665,102.9,101.9,1.075,34,133528
2018-08-01,Visakhapatnam,Coal,216817,85308,229763,106.9,99.8,1.0,47,234785
2018-08-01,Visakhapatnam,Iron Ore,182750,74267,198484,106.9,99.8,1.0,44,193788
2018-08-01,Paradip,Coal,238652,86524,244998,106.9,99.8,1.0,59,264885
2018-08-01,Paradip,Iron Ore,180233,67623,180585,106.9,99.8,1.0,51,198929
2018-08-01,Chennai,Coal,158918,66945,151210,106.9,99.8,1.0,41,175715
2018-08-01,Chennai,Iron Ore,145269,55260,157131,106.9,99.8,1.0,35,160336
2018-08-01,Kamarajar,Coal,169586,72380,164013,106.9,99.8,1.0,43,189126
2018-08-01,Kamarajar,Iron Ore,147240,62589,136069,106.9,99.8,1.0,38,154717
2018-08-01,Haldia,Coal,140593,56447,127160,106.9,99.8,1.0,26,154212
2018-08-01,Haldia,Iron Ore,105137,46818,111959,106.9,99.8,1.0,36,119263
2018-09-01,Visakhapatnam,Coal,203261,74470,192389,118.8,104.3,0.925,47,225354
2018-09-01,Visakhapatnam,Iron Ore,160113,49557,150485,118.8,104.3,0.925,53,180920
2018-09-01,Paradip,Coal,210712,66875,199345,118.8,104.3,0.925,56,245014
2018-09-01,Paradip,Iron Ore,171273,66959,170672,118.8,104.3,0.925,53,189750
2018-09-01,Chennai,Coal,148967,51795,157798,118.8,104.3,0.925,42,176106
2018-09-01,Chennai,Iron Ore,111745,37372,116913,118.8,104.3,0.925,38,125736
2018-09-01,Kamarajar,Coal,155357,53358,155469,118.8,104.3,0.925,40,175439
2018-09-01,Kamarajar,Iron Ore,102605,38261,88869,118.8,104.3,0.925,47,112266
2018-09-01,Haldia,Coal,114243,38574,102994,118.8,104.3,0.925,33,130856
2018-09-01,Haldia,Iron Ore,88801,35326,97557,118.8,104.3,0.925,25,108858
2018-10-01,Visakhapatnam,Coal,190088,78985,175365,108.4,101.7,0.87,53,209241
2018-10-01,Visakhapatnam,Iron Ore,146037,46547,154030,108.4,101.7,0.87,51,167584
2018-10-01,Paradip,Coal,210544,69667,201066,108.4,101.7,0.87,50,241147
2018-10-01,Paradip,Iron Ore,156330,54717,135651,108.4,101.7,0.87,54,171840
2018-10-01,Chennai,Coal,151726,46298,158853,108.4,101.7,0.87,40,167974
2018-10-01,Chennai,Iron Ore,132963,51096,114509,108.4,101.7,0.87,43,142859
2018-10-01,Kamarajar,Coal,162089,51859,141884,108.4,101.7,0.87,37,184068
2018-10-01,Kamarajar,Iron Ore,119071,45990,119380,108.4,101.7,0.87,35,137206
2018-10-01,Haldia,Coal,104451,33867,107378,108.4,101.7,0.87,27,117385
2018-10-01,Haldia,Iron Ore,90023,35236,97728,108.4,101.7,0.87,34,105303
2018-11-01,Visakhapatnam,Coal,181556,60559,169579,109.9,105.5,0.85,54,211892
2018-11-01,Visakhapatnam,Iron Ore,145631,51869,136354,109.9,105.5,0.85,51,170881
2018-11-01,Paradip,Coal,210903,84832,205130,109.9,105.5,0.85,56,239993
2018-11-01,Paradip,Iron Ore,138835,61864,151529,109.9,105.5,0.85,54,163328
2018-11-01,Chennai,Coal,149786,48219,127936,109.9,105.5,0.85,34,171830
2018-11-01,Chennai,Iron Ore,116750,43792,109867,109.9,105.5,0.85,39,136128
2018-11-01,Kamarajar,Coal,137770,61548,127221,109.9,105.5,0.85,39,150576
2018-11-01,Kamarajar,Iron Ore,94188,40747,91800,109.9,105.5,0.85,46,110455
2018-11-01,Haldia,Coal,110216,48756,119335,109.9,105.5,0.85,31,129129
2018-11-01,Haldia,Iron Ore,96985,37832,102913,109.9,105.5,0.85,30,108092
2018-12-01,Visakhapatnam,Coal,180503,57375,155756,111.2,99.8,0.87,46,196688
2018-12-01,Visakhapatnam,Iron Ore,146840,50631,127141,111.2,99.8,0.87,57,163069
2018-12-01,Paradip,Coal,196749,82962,202667,111.2,99.8,0.87,54,214145
2018-12-01,Paradip,Iron Ore,154042,50096,140513,111.2,99.8,0.87,57,174111
2018-12-01,Chennai,Coal,135025,57696,147401,111.2,99.8,0.87,34,147776
2018-12-01,Chennai,Iron Ore,119191,42493,119900,111.2,99.8,0.87,37,127626
2018-12-01,Kamarajar,Coal,135984,43877,144413,111.2,99.8,0.87,43,147189
2018-12-01,Kamarajar,Iron Ore,114910,35156,109303,111.2,99.8,0.87,37,119665
2018-12-01,Haldia,Coal,137550,52056,126373,111.2,99.8,0.87,26,140434
2018-12-01,Haldia,Iron Ore,92142,35184,97444,111.2,99.8,0.87,33,100697
2019-01-01,Visakhapatnam,Coal,217627,85746,238345,123.0,101.0,0.925,46,241310
2019-01-01,Visakhapatnam,Iron Ore,172119,75033,163812,123.0,101.0,0.925,50,193152
2019-01-01,Paradip,Coal,235937,79819,233084,123.0,101.0,0.925,56,264078
2019-01-01,Paradip,Iron Ore,158338,65166,138415,123.0,101.0,0.925,55,167279
2019-01-01,Chennai,Coal,154177,54159,163505,123.0,101.0,0.925,43,168895
2019-01-01,Chennai,Iron Ore,128725,48315,141106,123.0,101.0,0.925,38,146497
2019-01-01,Kamarajar,Coal,143961,54713,134419,123.0,101.0,0.925,34,155234
2019-01-01,Kamarajar,Iron Ore,129435,42968,118447,123.0,101.0,0.925,41,146088
2019-01-01,Haldia,Coal,120278,44577,114363,123.0,101.0,0.925,29,132515
2019-01-01,Haldia,Iron Ore,108487,44631,100138,123.0,101.0,0.925,26,117984
2019-02-01,Visakhapatnam,Coal,229554,71861,216761,114.9,106.3,1.0,56,272289
2019-02-01,Visakhapatnam,Iron Ore,177825,59627,167167,114.9,106.3,1.0,47,206587
2019-02-01,Paradip,Coal,239832,107671,254379,114.9,106.3,1.0,57,274003
2019-02-01,Paradip,Iron Ore,178012,78427,182981,114.9,106.3,1.0,58,202217
2019-02-01,Chennai,Coal,161723,67458,157763,114.9,106.3,1.0,39,187155
2019-02-01,Chennai,Iron Ore,130027,54264,112244,114.9,106.3,1.0,32,150785
2019-02-01,Kamarajar,Coal,185107,65743,200558,114.9,106.3,1.0,43,220566
2019-02-01,Kamarajar,Iron Ore,153361,66491,150493,114.9,106.3,1.0,35,176245
2019-02-01,Haldia,Coal,140372,59265,136086,114.9,106.3,1.0,34,169142
2019-02-01,Haldia,Iron Ore,95125,33755,80921,114.9,106.3,1.0,33,104998
2019-03-01,Visakhapatnam,Coal,232625,71670,251530,112.8,98.1,1.075,51,255323
2019-03-01,Visakhapatnam,Iron Ore,201803,69700,202758,112.8,98.1,1.075,52,222042
2019-03-01,Paradip,Coal,262070,92144,244674,112.8,98.1,1.075,50,281881
2019-03-01,Paradip,Iron Ore,221440,95577,190332,112.8,98.1,1.075,53,233962
2019-03-01,Chennai,Coal,168369,65940,154043,112.8,98.1,1.075,38,177569
2019-03-01,Chennai,Iron Ore,148272,54848,145136,112.8,98.1,1.075,39,161864
2019-03-01,Kamarajar,Coal,187876,83398,179842,112.8,98.1,1.075,33,198901
2019-03-01,Kamarajar,Iron Ore,159630,61378,162014,112.8,98.1,1.075,41,168927
2019-03-01,Haldia,Coal,147186,49678,159690,112.8,98.1,1.075,33,164954
2019-03-01,Haldia,Iron Ore,105653,39641,109922,112.8,98.1,1.075,30,117911
2019-04-01,Visakhapatnam,Coal,250281,79059,263682,119.7,105.3,1.13,48,291320
2019-04-01,Visakhapatnam,Iron Ore,190446,61346,201419,119.7,105.3,1.13,58,223161
2019-04-01,Paradip,Coal,284088,90003,272271,119.7,105.3,1.13,60,336186
2019-04-01,Paradip,Iron Ore,219698,89627,224623,119.7,105.3,1.13,50,252833
2019-04-01,Chennai,Coal,190952,66517,173615,119.7,105.3,1.13,39,215233
2019-04-01,Chennai,Iron Ore,149042,51059,128492,119.7,105.3,1.13,42,175825
2019-04-01,Kamarajar,Coal,212114,66977,181306,119.7,105.3,1.13,43,236488
2019-04-01,Kamarajar,Iron Ore,155367,61547,134987,119.7,105.3,1.13,42,177499
2019-04-01,Haldia,Coal,160578,54719,166011,119.7,105.3,1.13,35,182999
2019-04-01,Haldia,Iron Ore,115858,51932,126729,119.7,105.3,1.13,33,138081
2019-05-01,Visakhapatnam,Coal,263807,92349,245113,114.1,105.3,1.15,52,300388
2019-05-01,Visakhapatnam,Iron Ore,206948,77837,224845,114.1,105.3,1.15,50,242219
2019-05-01,Paradip,Coal,282893,106270,284788,114.1,105.3,1.15,63,326072
2019-05-01,Paradip,Iron Ore,222540,79166,205517,114.1,105.3,1.15,52,249768
2019-05-01,Chennai,Coal,196312,61205,211675,114.1,105.3,1.15,36,230034
2019-05-01,Chennai,Iron Ore,162745,60854,165560,114.1,105.3,1.15,33,186474
2019-05-01,Kamarajar,Coal,200201,72935,192898,114.1,105.3,1.15,44,228376
2019-05-01,Kamarajar,Iron Ore,173871,54078,182084,114.1,105.3,1.15,41,196880
2019-05-01,Haldia,Coal,149490,46459,157919,114.1,105.3,1.15,38,171647
2019-05-01,Haldia,Iron Ore,118036,47542,118824,114.1,105.3,1.15,36,131184
2019-06-01,Visakhapatnam,Coal,259440,100738,246213,114.8,99.2,1.13,53,282624
2019-06-01,Visakhapatnam,Iron Ore,193931,82733,179823,114.8,99.2,1.13,48,204503
2019-06-01,Paradip,Coal,267521,89942,278435,114.8,99.2,1.13,56,296215
2019-06-01,Paradip,Iron Ore,233836,105222,256415,114.8,99.2,1.13,57,256726
2019-06-01,Chennai,Coal,200979,60998,218900,114.8,99.2,1.13,35,217103
2019-06-01,Chennai,Iron Ore,151425,56022,149830,114.8,99.2,1.13,44,172940
2019-06-01,Kamarajar,Coal,201441,70096,213841,114.8,99.2,1.13,42,216529
2019-06-01,Kamarajar,Iron Ore,138293,49366,127185,114.8,99.2,1.13,46,156122
2019-06-01,Haldia,Coal,145064,56827,134758,114.8,99.2,1.13,36,154032
2019-06-01,Haldia,Iron Ore,118744,36916,102183,114.8,99.2,1.13,34,122668
2019-07-01,Visakhapatnam,Coal,248069,77119,231302,109.9,103.5,1.075,50,288023
2019-07-01,Visakhapatnam,Iron Ore,189519,62384,192893,109.9,103.5,1.075,51,210067
2019-07-01,Paradip,Coal,283376,87498,289522,109.9,103.5,1.075,54,330518
2019-07-01,Paradip,Iron Ore,196187,62831,169998,109.9,103.5,1.075,57,227477
2019-07-01,Chennai,Coal,181586,54900,195781,109.9,103.5,1.075,33,206600
2019-07-01,Chennai,Iron Ore,144200,46518,122802,109.9,103.5,1.075,43,159332
2019-07-01,Kamarajar,Coal,197791,66289,188453,109.9,103.5,1.075,34,228790
2019-07-01,Kamarajar,Iron Ore,151480,64678,160284,109.9,103.5,1.075,44,168681
2019-07-01,Haldia,Coal,154200,46577,167630,109.9,103.5,1.075,28,185688
2019-07-01,Haldia,Iron Ore,110986,36227,113809,109.9,103.5,1.075,31,127815
2019-08-01,Visakhapatnam,Coal,240146,99921,227749,107.5,104.5,1.0,55,271792
2019-08-01,Visakhapatnam,Iron Ore,180978,72783,184882,107.5,104.5,1.0,52,199865
2019-08-01,Paradip,Coal,261237,79689,287153,107.5,104.5,1.0,58,301678
2019-08-01,Paradip,Iron Ore,198252,69130,199364,107.5,104.5,1.0,50,225825
2019-08-01,Chennai,Coal,169915,65619,184551,107.5,104.5,1.0,42,195288
2019-08-01,Chennai,Iron Ore,132342,54106,145214,107.5,104.5,1.0,38,151207
2019-08-01,Kamarajar,Coal,164347,70009,146024,107.5,104.5,1.0,37,182521
2019-08-01,Kamarajar,Iron Ore,137813,44670,127696,107.5,104.5,1.0,39,156489
2019-08-01,Haldia,Coal,141467,50089,131229,107.5,104.5,1.0,30,170393
2019-08-01,Haldia,Iron Ore,100161,32907,105387,107.5,104.5,1.0,32,117623
2019-09-01,Visakhapatnam,Coal,210687,81676,224546,115.4,102.5,0.925,50,237295
2019-09-01,Visakhapatnam,Iron Ore,165820,67698,169948,115.4,102.5,0.925,58,178278
2019-09-01,Paradip,Coal,235715,74634,236335,115.4,102.5,0.925,58,270067
2019-09-01,Paradip,Iron Ore,173741,69800,184647,115.4,102.5,0.925,51,194742
2019-09-01,Chennai,Coal,157770,49567,151368,115.4,102.5,0.925,35,180190
2019-09-01,Chennai,Iron Ore,127804,42218,131811,115.4,102.5,0.925,34,137997
2019-09-01,Kamarajar,Coal,161564,57008,137784,115.4,102.5,0.925,44,180343
2019-09-01,Kamarajar,Iron Ore,129857,42480,140928,115.4,102.5,0.925,38,146311
2019-09-01,Haldia,Coal,128816,40429,117466,115.4,102.5,0.925,27,138187
2019-09-01,Haldia,Iron Ore,94302,42142,92206,115.4,102.5,0.925,30,100523
2019-10-01,Visakhapatnam,Coal,199733,76023,218350,109.0,108.5,0.87,49,232578
2019-10-01,Visakhapatnam,Iron Ore,156042,60632,157360,109.0,108.5,0.87,51,183981
2019-10-01,Paradip,Coal,232604,77050,209781,109.0,108.5,0.87,60,276111
2019-10-01,Paradip,Iron Ore,161580,68972,161833,109.0,108.5,0.87,58,188216
2019-10-01,Chennai,Coal,141102,47769,123297,109.0,108.5,0.87,44,164104
2019-10-01,Chennai,Iron Ore,116918,38400,109023,109.0,108.5,0.87,35,140830
2019-10-01,Kamarajar,Coal,147650,53405,141512,109.0,108.5,0.87,33,178862
2019-10-01,Kamarajar,Iron Ore,122291,51331,128995,109.0,108.5,0.87,40,144036
2019-10-01,Haldia,Coal,128707,50401,141235,109.0,108.5,0.87,32,158868
2019-10-01,Haldia,Iron Ore,99981,32500,90786,109.0,108.5,0.87,28,122092
2019-11-01,Visakhapatnam,Coal,195712,74297,200504,109.2,102.6,0.85,51,223383
2019-11-01,Visakhapatnam,Iron Ore,152706,51089,145235,109.2,102.6,0.85,54,166114
2019-11-01,Paradip,Coal,227077,68883,231963,109.2,102.6,0.85,56,257638
2019-11-01,Paradip,Iron Ore,160416,63345,144014,109.2,102.6,0.85,64,181956
2019-11-01,Chennai,Coal,150640,67744,159282,109.2,102.6,0.85,32,169108
2019-11-01,Chennai,Iron Ore,122382,49224,109942,109.2,102.6,0.85,35,132863
2019-11-01,Kamarajar,Coal,146336,63106,126679,109.2,102.6,0.85,46,151992
2019-11-01,Kamarajar,Iron Ore,124587,42800,116612,109.2,102.6,0.85,32,136701
2019-11-01,Haldia,Coal,129657,44623,132070,109.2,102.6,0.85,32,151070
2019-11-01,Haldia,Iron Ore,93652,29195,81201,109.2,102.6,0.85,39,107174
2019-12-01,Visakhapatnam,Coal,202739,83671,180891,109.2,105.8,0.87,52,229593
2019-12-01,Visakhapatnam,Iron Ore,149560,53581,147761,109.2,105.8,0.87,45,172790
2019-12-01,Paradip,Coal,217577,70252,230243,109.2,105.8,0.87,57,256078
2019-12-01,Paradip,Iron Ore,175548,71902,172526,109.2,105.8,0.87,56,197196
2019-12-01,Chennai,Coal,149628,52673,162112,109.2,105.8,0.87,40,173552
2019-12-01,Chennai,Iron Ore,120742,49560,124750,109.2,105.8,0.87,38,134863
2019-12-01,Kamarajar,Coal,149842,58605,145536,109.2,105.8,0.87,42,173395
2019-12-01,Kamarajar,Iron Ore,117713,39039,108864,109.2,105.8,0.87,32,140427
2019-12-01,Haldia,Coal,102510,34867,95475,109.2,105.8,0.87,30,123052
2019-12-01,Haldia,Iron Ore,96623,31742,89636,109.2,105.8,0.87,28,110737
2020-01-01,Visakhapatnam,Coal,202951,63639,218409,129.4,108.1,0.925,51,241343
2020-01-01,Visakhapatnam,Iron Ore,179899,73635,192519,129.4,108.1,0.925,53,208575
2020-01-01,Paradip,Coal,246952,98516,254375,129.4,108.1,0.925,59,292004
2020-01-01,Paradip,Iron Ore,199160,87004,182270,129.4,108.1,0.925,56,229486
2020-01-01,Chennai,Coal,157183,48710,134581,129.4,108.1,0.925,44,183980
2020-01-01,Chennai,Iron Ore,128130,48178,126588,129.4,108.1,0.925,33,146889
2020-01-01,Kamarajar,Coal,159784,65137,139305,129.4,108.1,0.925,39,181692
2020-01-01,Kamarajar,Iron Ore,136004,43047,140793,129.4,108.1,0.925,44,164390
2020-01-01,Haldia,Coal,139915,61382,128083,129.4,108.1,0.925,35,158164
2020-01-01,Haldia,Iron Ore,101765,30567,107532,129.4,108.1,0.925,29,124479
2020-02-01,Visakhapatnam,Coal,226697,96235,196059,122.2,108.6,1.0,57,259458
2020-02-01,Visakhapatnam,Iron Ore,177499,66089,177514,122.2,108.6,1.0,50,208177
2020-02-01,Paradip,Coal,254963,79547,253495,122.2,108.6,1.0,55,307284
2020-02-01,Paradip,Iron Ore,205014,86101,176716,122.2,108.6,1.0,51,234860
2020-02-01,Chennai,Coal,170007,71847,164246,122.2,108.6,1.0,38,198134
2020-02-01,Chennai,Iron Ore,151921,48319,161797,122.2,108.6,1.0,41,184304
2020-02-01,Kamarajar,Coal,200345,70784,198371,122.2,108.6,1.0,42,230344
2020-02-01,Kamarajar,Iron Ore,149416,51117,143449,122.2,108.6,1.0,39,173035
2020-02-01,Haldia,Coal,140849,45956,146060,122.2,108.6,1.0,35,164115
2020-02-01,Haldia,Iron Ore,111884,43927,98978,122.2,108.6,1.0,26,131731
2020-03-01,Visakhapatnam,Coal,250019,97868,273767,117.5,111.0,1.075,52,293792
2020-03-01,Visakhapatnam,Iron Ore,191719,60121,190428,117.5,111.0,1.075,52,234898
2020-03-01,Paradip,Coal,277798,84070,245382,117.5,111.0,1.075,51,338340
2020-03-01,Paradip,Iron Ore,227862,74629,226933,117.5,111.0,1.075,53,276327
2020-03-01,Chennai,Coal,195927,85095,198633,117.5,111.0,1.075,46,233150
2020-03-01,Chennai,Iron Ore,149484,63626,128894,117.5,111.0,1.075,43,175538
2020-03-01,Kamarajar,Coal,191442,83717,196236,117.5,111.0,1.075,34,226794
2020-03-01,Kamarajar,Iron Ore,164943,50632,154849,117.5,111.0,1.075,40,197315
2020-03-01,Haldia,Coal,156299,51285,157613,117.5,111.0,1.075,36,190129
2020-03-01,Haldia,Iron Ore,123135,53795,120774,117.5,111.0,1.075,33,149590
2020-04-01,Visakhapatnam,Coal,264628,85672,225508,119.8,106.1,1.13,51,300457
2020-04-01,Visakhapatnam,Iron Ore,214269,83477,234097,119.8,106.1,1.13,51,243515
2020-04-01,Paradip,Coal,290071,116201,252534,119.8,106.1,1.13,56,323433
2020-04-01,Paradip,Iron Ore,233802,73193,243063,119.8,106.1,1.13,55,273520
2020-04-01,Chennai,Coal,193483,80294,172227,119.8,106.1,1.13,34,219731
2020-04-01,Chennai,Iron Ore,158871,56242,143498,119.8,106.1,1.13,47,179539
2020-04-01,Kamarajar,Coal,213657,92649,200373,119.8,106.1,1.13,48,242580
2020-04-01,Kamarajar,Iron Ore,158079,48867,165017,119.8,106.1,1.13,44,187409
2020-04-01,Haldia,Coal,158183,70296,143696,119.8,106.1,1.13,27,173557
2020-04-01,Haldia,Iron Ore,136023,55917,147234,119.8,106.1,1.13,28,152163
2020-05-01,Visakhapatnam,Coal,278634,124636,240592,118.3,110.5,1.15,50,324336
2020-05-01,Visakhapatnam,Iron Ore,219951,90804,229558,118.3,110.5,1.15,50,266317
2020-05-01,Paradip,Coal,303847,109087,317412,118.3,110.5,1.15,55,364381
2020-05-01,Paradip,Iron Ore,237910,88974,219241,118.3,110.5,1.15,60,271399
2020-05-01,Chennai,Coal,184709,76704,165094,118.3,110.5,1.15,40,217953
2020-05-01,Chennai,Iron Ore,138103,60274,139646,118.3,110.5,1.15,38,164592
2020-05-01,Kamarajar,Coal,216328,79812,213479,118.3,110.5,1.15,40,263895
2020-05-01,Kamarajar,Iron Ore,157390,49694,142824,118.3,110.5,1.15,44,179248
2020-05-01,Haldia,Coal,161193,54659,141175,118.3,110.5,1.15,24,191414
2020-05-01,Haldia,Iron Ore,125571,41357,130313,118.3,110.5,1.15,33,154304
2020-06-01,Visakhapatnam,Coal,265683,93862,260781,114.6,107.1,1.13,53,310820
2020-06-01,Visakhapatnam,Iron Ore,210998,87818,231966,114.6,107.1,1.13,51,237336
2020-06-01,Paradip,Coal,286301,108242,244223,114.6,107.1,1.13,63,327093
2020-06-01,Paradip,Iron Ore,231643,70260,207461,114.6,107.1,1.13,58,267754
2020-06-01,Chennai,Coal,200477,76351,200010,114.6,107.1,1.13,44,230632
2020-06-01,Chennai,Iron Ore,168997,53781,171920,114.6,107.1,1.13,41,196673
2020-06-01,Kamarajar,Coal,209374,91924,179623,114.6,107.1,1.13,44,234553
2020-06-01,Kamarajar,Iron Ore,178095,64909,178022,114.6,107.1,1.13,44,207347
2020-06-01,Haldia,Coal,159078,53144,135663,114.6,107.1,1.13,29,182207
2020-06-01,Haldia,Iron Ore,127743,49221,127995,114.6,107.1,1.13,32,145246
2020-07-01,Visakhapatnam,Coal,245437,97969,240727,116.9,106.0,1.075,47,278244
2020-07-01,Visakhapatnam,Iron Ore,206805,71607,192420,116.9,106.0,1.075,48,243953
2020-07-01,Paradip,Coal,273714,116122,261182,116.9,106.0,1.075,46,304498
2020-07-01,Paradip,Iron Ore,215154,92120,224559,116.9,106.0,1.075,63,244518
2020-07-01,Chennai,Coal,187875,57185,161806,116.9,106.0,1.075,35,208671
2020-07-01,Chennai,Iron Ore,155111,67382,160638,116.9,106.0,1.075,39,175664
2020-07-01,Kamarajar,Coal,190485,74559,192941,116.9,106.0,1.075,40,222853
2020-07-01,Kamarajar,Iron Ore,156968,70412,153871,116.9,106.0,1.075,36,179003
2020-07-01,Haldia,Coal,143734,58064,143630,116.9,106.0,1.075,31,161500
2020-07-01,Haldia,Iron Ore,121325,37879,117340,116.9,106.0,1.075,35,143135
2020-08-01,Visakhapatnam,Coal,237612,86835,210613,125.2,115.1,1.0,54,297281
2020-08-01,Visakhapatnam,Iron Ore,194371,63574,207154,125.2,115.1,1.0,56,248643
2020-08-01,Paradip,Coal,244795,89806,260719,125.2,115.1,1.0,57,311520
2020-08-01,Paradip,Iron Ore,213048,71685,198126,125.2,115.1,1.0,60,261817
2020-08-01,Chennai,Coal,162248,50007,171084,125.2,115.1,1.0,40,202720
2020-08-01,Chennai,Iron Ore,152018,66754,157007,125.2,115.1,1.0,36,194874
2020-08-01,Kamarajar,Coal,187548,58383,181016,125.2,115.1,1.0,38,230352
2020-08-01,Kamarajar,Iron Ore,154031,67067,132808,125.2,115.1,1.0,33,186592
2020-08-01,Haldia,Coal,148521,59880,126254,125.2,115.1,1.0,32,178034
2020-08-01,Haldia,Iron Ore,118682,37194,115407,125.2,115.1,1.0,34,150186
2020-09-01,Visakhapatnam,Coal,218975,87524,220088,125.2,105.6,0.925,54,255602
2020-09-01,Visakhapatnam,Iron Ore,173868,75834,174289,125.2,105.6,0.925,46,199583
2020-09-01,Paradip,Coal,239313,107169,245250,125.2,105.6,0.925,58,272914
2020-09-01,Paradip,Iron Ore,181220,71502,164869,125.2,105.6,0.925,62,204447
2020-09-01,Chennai,Coal,163302,63880,148716,125.2,105.6,0.925,40,188468
2020-09-01,Chennai,Iron Ore,129797,43730,116828,125.2,105.6,0.925,36,142835
2020-09-01,Kamarajar,Coal,184607,80874,170391,125.2,105.6,0.925,46,207584
2020-09-01,Kamarajar,Iron Ore,140929,57129,135090,125.2,105.6,0.925,36,166705
2020-09-01,Haldia,Coal,118569,43718,107760,125.2,105.6,0.925,27,139263
2020-09-01,Haldia,Iron Ore,111750,39806,116747,125.2,105.6,0.925,37,129096
2020-10-01,Visakhapatnam,Coal,211094,88652,209319,131.6,106.2,0.87,52,240259
2020-10-01,Visakhapatnam,Iron Ore,162740,62625,153564,131.6,106.2,0.87,50,192002
2020-10-01,Paradip,Coal,219084,92097,212839,131.6,106.2,0.87,62,248504
2020-10-01,Paradip,Iron Ore,173895,65961,170428,131.6,106.2,0.87,56,197913
2020-10-01,Chennai,Coal,152698,49509,149712,131.6,106.2,0.87,39,182485
2020-10-01,Chennai,Iron Ore,105417,41672,108716,131.6,106.2,0.87,36,128786
2020-10-01,Kamarajar,Coal,155166,50339,138198,131.6,106.2,0.87,42,175495
2020-10-01,Kamarajar,Iron Ore,132448,57931,128091,131.6,106.2,0.87,35,152796
2020-10-01,Haldia,Coal,128356,49808,122809,131.6,106.2,0.87,30,138395
2020-10-01,Haldia,Iron Ore,92822,37400,84080,131.6,106.2,0.87,27,109383
2020-11-01,Visakhapatnam,Coal,206834,62157,186075,120.3,109.0,0.85,50,242520
2020-11-01,Visakhapatnam,Iron Ore,164833,60485,157188,120.3,109.0,0.85,50,197896
2020-11-01,Paradip,Coal,220069,76769,216068,120.3,109.0,0.85,59,263385
2020-11-01,Paradip,Iron Ore,161318,70427,155143,120.3,109.0,0.85,68,179835
2020-11-01,Chennai,Coal,159209,54194,152237,120.3,109.0,0.85,36,189354
2020-11-01,Chennai,Iron Ore,125344,49087,125077,120.3,109.0,0.85,34,152544
2020-11-01,Kamarajar,Coal,160108,57045,139386,120.3,109.0,0.85,37,187017
2020-11-01,Kamarajar,Iron Ore,118092,38464,119660,120.3,109.0,0.85,43,140149
2020-11-01,Haldia,Coal,133035,59353,143916,120.3,109.0,0.85,30,156481
2020-11-01,Haldia,Iron Ore,101673,42891,110888,120.3,109.0,0.85,30,121362
2020-12-01,Visakhapatnam,Coal,190707,66013,178780,118.1,100.0,0.87,46,205426
2020-12-01,Visakhapatnam,Iron Ore,158206,69279,159804,118.1,100.0,0.87,44,172117
2020-12-01,Paradip,Coal,225725,79539,246688,118.1,100.0,0.87,54,253855
2020-12-01,Paradip,Iron Ore,163595,60253,170765,118.1,100.0,0.87,61,183575
2020-12-01,Chennai,Coal,156056,63157,151634,118.1,100.0,0.87,44,165449
2020-12-01,Chennai,Iron Ore,117649,44505,114381,118.1,100.0,0.87,36,122479
2020-12-01,Kamarajar,Coal,161687,60372,149869,118.1,100.0,0.87,35,177582
2020-12-01,Kamarajar,Iron Ore,136638,41964,127781,118.1,100.0,0.87,39,150234
2020-12-01,Haldia,Coal,124675,51274,116583,118.1,100.0,0.87,34,133234
2020-12-01,Haldia,Iron Ore,105881,38643,100781,118.1,100.0,0.87,32,117187
2021-01-01,Visakhapatnam,Coal,220284,87843,199917,118.5,109.2,0.925,48,256299
2021-01-01,Visakhapatnam,Iron Ore,171467,58921,172540,118.5,109.2,0.925,49,205038
2021-01-01,Paradip,Coal,233985,88544,232700,118.5,109.2,0.925,53,269230
2021-01-01,Paradip,Iron Ore,192641,79244,170381,118.5,109.2,0.925,59,220567
2021-01-01,Chennai,Coal,168544,70002,158045,118.5,109.2,0.925,36,195849
2021-01-01,Chennai,Iron Ore,139655,44355,137056,118.5,109.2,0.925,30,162056
2021-01-01,Kamarajar,Coal,180213,78716,193284,118.5,109.2,0.925,36,211799
2021-01-01,Kamarajar,Iron Ore,143804,49106,151620,118.5,109.2,0.925,41,174153
2021-01-01,Haldia,Coal,147715,44948,157375,118.5,109.2,0.925,32,184324
2021-01-01,Haldia,Iron Ore,116070,35656,101774,118.5,109.2,0.925,29,141838
2021-02-01,Visakhapatnam,Coal,246947,74647,219859,119.6,112.2,1.0,56,300676
2021-02-01,Visakhapatnam,Iron Ore,207779,87678,210417,119.6,112.2,1.0,47,250819
2021-02-01,Paradip,Coal,266573,117295,267592,119.6,112.2,1.0,59,322120
2021-02-01,Paradip,Iron Ore,215763,96999,199451,119.6,112.2,1.0,52,264235
2021-02-01,Chennai,Coal,164502,61256,176358,119.6,112.2,1.0,44,203291
2021-02-01,Chennai,Iron Ore,145568,59439,153731,119.6,112.2,1.0,36,181610
2021-02-01,Kamarajar,Coal,182844,59220,160688,119.6,112.2,1.0,40,223715
2021-02-01,Kamarajar,Iron Ore,159160,67967,143395,119.6,112.2,1.0,44,187214
2021-02-01,Haldia,Coal,162971,57377,154064,119.6,112.2,1.0,31,197531
2021-02-01,Haldia,Iron Ore,118718,46799,113746,119.6,112.2,1.0,31,139005
2021-03-01,Visakhapatnam,Coal,253983,113533,245758,132.1,109.9,1.075,54,301038
2021-03-01,Visakhapatnam,Iron Ore,198409,76339,197198,132.1,109.9,1.075,51,245872
2021-03-01,Paradip,Coal,282757,117508,269557,132.1,109.9,1.075,57,328031
2021-03-01,Paradip,Iron Ore,212856,84807,205401,132.1,109.9,1.075,55,247566
2021-03-01,Chennai,Coal,202032,88413,177115,132.1,109.9,1.075,35,233373
2021-03-01,Chennai,Iron Ore,155906,49844,149597,132.1,109.9,1.075,43,188016
2021-03-01,Kamarajar,Coal,206928,76542,210782,132.1,109.9,1.075,41,244301
2021-03-01,Kamarajar,Iron Ore,164227,62663,175883,132.1,109.9,1.075,44,197340
2021-03-01,Haldia,Coal,162457,54757,140582,132.1,109.9,1.075,32,182325
2021-03-01,Haldia,Iron Ore,113708,50629,101630,132.1,109.9,1.075,29,130368
2021-04-01,Visakhapatnam,Coal,276527,89734,268788,126.5,107.8,1.13,50,314447
2021-04-01,Visakhapatnam,Iron Ore,216993,65399,232742,126.5,107.8,1.13,52,259987
2021-04-01,Paradip,Coal,288041,97003,266521,126.5,107.8,1.13,57,338807
2021-04-01,Paradip,Iron Ore,253392,96030,220322,126.5,107.8,1.13,57,295556
2021-04-01,Chennai,Coal,209344,92309,179180,126.5,107.8,1.13,49,235842
2021-04-01,Chennai,Iron Ore,163368,50254,139718,126.5,107.8,1.13,44,195474
2021-04-01,Kamarajar,Coal,200798,75790,197371,126.5,107.8,1.13,40,237512
2021-04-01,Kamarajar,Iron Ore,167898,61781,168026,126.5,107.8,1.13,43,193538
2021-04-01,Haldia,Coal,166685,67412,148990,126.5,107.8,1.13,32,189466
2021-04-01,Haldia,Iron Ore,119653,51189,113201,126.5,107.8,1.13,33,143976
2021-05-01,Visakhapatnam,Coal,282979,119750,281572,121.3,112.1,1.15,52,339315
2021-05-01,Visakhapatnam,Iron Ore,230562,69927,251544,121.3,112.1,1.15,56,280349
2021-05-01,Paradip,Coal,318162,124228,339333,121.3,112.1,1.15,57,386657
2021-05-01,Paradip,Iron Ore,249133,90833,226000,121.3,112.1,1.15,52,301821
2021-05-01,Chennai,Coal,200448,61241,210248,121.3,112.1,1.15,44,251810
2021-05-01,Chennai,Iron Ore,174887,71179,189793,121.3,112.1,1.15,33,217823
2021-05-01,Kamarajar,Coal,223286,90783,213485,121.3,112.1,1.15,42,268204
2021-05-01,Kamarajar,Iron Ore,176493,55847,168625,121.3,112.1,1.15,42,213463
2021-05-01,Haldia,Coal,181775,75850,184772,121.3,112.1,1.15,25,217832
2021-05-01,Haldia,Iron Ore,127844,45349,122996,121.3,112.1,1.15,35,154735
2021-06-01,Visakhapatnam,Coal,282166,89199,272040,118.3,114.9,1.13,48,348975
2021-06-01,Visakhapatnam,Iron Ore,205954,64040,213640,118.3,114.9,1.13,56,262828
2021-06-01,Paradip,Coal,310313,120421,277588,118.3,114.9,1.13,59,380724
2021-06-01,Paradip,Iron Ore,242054,99354,242740,118.3,114.9,1.13,61,295499
2021-06-01,Chennai,Coal,201765,86325,194497,118.3,114.9,1.13,39,247724
2021-06-01,Chennai,Iron Ore,166847,59826,169198,118.3,114.9,1.13,34,200438
2021-06-01,Kamarajar,Coal,216479,89142,228063,118.3,114.9,1.13,47,269738
2021-06-01,Kamarajar,Iron Ore,169622,62504,162691,118.3,114.9,1.13,41,215173
2021-06-01,Haldia,Coal,171063,70679,169046,118.3,114.9,1.13,33,210815
2021-06-01,Haldia,Iron Ore,126328,56549,114814,118.3,114.9,1.13,39,155996
2021-07-01,Visakhapatnam,Coal,273098,103136,264475,115.0,108.6,1.075,47,326475
2021-07-01,Visakhapatnam,Iron Ore,211585,88131,184627,115.0,108.6,1.075,59,247083
2021-07-01,Paradip,Coal,278724,124560,253023,115.0,108.6,1.075,49,322672
2021-07-01,Paradip,Iron Ore,225741,75163,219521,115.0,108.6,1.075,53,266845
2021-07-01,Chennai,Coal,200253,90015,199243,115.0,108.6,1.075,44,237494
2021-07-01,Chennai,Iron Ore,147738,65947,147051,115.0,108.6,1.075,32,174201
2021-07-01,Kamarajar,Coal,220737,66237,230358,115.0,108.6,1.075,40,257961
2021-07-01,Kamarajar,Iron Ore,162782,52568,173969,115.0,108.6,1.075,35,198445
2021-07-01,Haldia,Coal,164330,51640,149558,115.0,108.6,1.075,30,193183
2021-07-01,Haldia,Iron Ore,120242,41975,121495,115.0,108.6,1.075,29,143178
2021-08-01,Visakhapatnam,Coal,235329,75331,243916,123.9,112.3,1.0,45,286650
2021-08-01,Visakhapatnam,Iron Ore,190360,72869,183454,123.9,112.3,1.0,48,237948
2021-08-01,Paradip,Coal,265643,113748,260115,123.9,112.3,1.0,53,318878
2021-08-01,Paradip,Iron Ore,211538,73357,190868,123.9,112.3,1.0,55,251139
2021-08-01,Chennai,Coal,180965,72827,187383,123.9,112.3,1.0,39,218784
2021-08-01,Chennai,Iron Ore,146795,63445,152440,123.9,112.3,1.0,36,174087
2021-08-01,Kamarajar,Coal,195536,73031,185970,123.9,112.3,1.0,33,231182
2021-08-01,Kamarajar,Iron Ore,144182,60092,146876,123.9,112.3,1.0,38,177851
2021-08-01,Haldia,Coal,156060,51431,150383,123.9,112.3,1.0,30,189706
2021-08-01,Haldia,Iron Ore,107740,48437,112121,123.9,112.3,1.0,32,131663
2021-09-01,Visakhapatnam,Coal,232204,94573,201769,123.7,112.7,0.925,51,275435
2021-09-01,Visakhapatnam,Iron Ore,189415,67239,187390,123.7,112.7,0.925,49,228493
2021-09-01,Paradip,Coal,248142,108415,267134,123.7,112.7,0.925,50,300199
2021-09-01,Paradip,Iron Ore,187456,67159,163784,123.7,112.7,0.925,62,232944
2021-09-01,Chennai,Coal,151138,64078,155160,123.7,112.7,0.925,40,181362
2021-09-01,Chennai,Iron Ore,130137,41722,120257,123.7,112.7,0.925,33,157985
2021-09-01,Kamarajar,Coal,165133,50222,170860,123.7,112.7,0.925,39,199206
2021-09-01,Kamarajar,Iron Ore,141514,60904,120321,123.7,112.7,0.925,37,169561
2021-09-01,Haldia,Coal,146440,53141,141803,123.7,112.7,0.925,37,177124
2021-09-01,Haldia,Iron Ore,112462,39290,106791,123.7,112.7,0.925,32,137209
2021-10-01,Visakhapatnam,Coal,215638,91925,230939,124.7,112.5,0.87,52,263667
2021-10-01,Visakhapatnam,Iron Ore,173420,52313,147707,124.7,112.5,0.87,42,215583
2021-10-01,Paradip,Coal,213809,75661,230792,124.7,112.5,0.87,51,251823
2021-10-01,Paradip,Iron Ore,182495,74128,189841,124.7,112.5,0.87,53,221460
2021-10-01,Chennai,Coal,152453,51723,140818,124.7,112.5,0.87,36,186611
2021-10-01,Chennai,Iron Ore,125302,55007,127987,124.7,112.5,0.87,41,155424
2021-10-01,Kamarajar,Coal,152707,66551,162109,124.7,112.5,0.87,37,185203
2021-10-01,Kamarajar,Iron Ore,131377,45030,137700,124.7,112.5,0.87,48,162444
2021-10-01,Haldia,Coal,130284,44765,127130,124.7,112.5,0.87,34,162840
2021-10-01,Haldia,Iron Ore,97178,31537,93510,124.7,112.5,0.87,31,114986
2021-11-01,Visakhapatnam,Coal,198782,86672,194200,119.1,117.7,0.85,51,252037
2021-11-01,Visakhapatnam,Iron Ore,157247,64831,157005,119.1,117.7,0.85,55,200366
2021-11-01,Paradip,Coal,232699,83682,243230,119.1,117.7,0.85,52,304057
2021-11-01,Paradip,Iron Ore,169323,69480,147878,119.1,117.7,0.85,53,212192
2021-11-01,Chennai,Coal,162875,55201,174584,119.1,117.7,0.85,40,208171
2021-11-01,Chennai,Iron Ore,124676,47843,118858,119.1,117.7,0.85,41,151239
2021-11-01,Kamarajar,Coal,172618,57854,174847,119.1,117.7,0.85,37,222177
2021-11-01,Kamarajar,Iron Ore,120526,39212,116020,119.1,117.7,0.85,35,149134
2021-11-01,Haldia,Coal,127540,49271,132757,119.1,117.7,0.85,27,162043
2021-11-01,Haldia,Iron Ore,101001,39533,96850,119.1,117.7,0.85,36,131759
2021-12-01,Visakhapatnam,Coal,215174,96617,221886,129.8,114.0,0.87,49,268467
2021-12-01,Visakhapatnam,Iron Ore,177165,76214,173391,129.8,114.0,0.87,48,217310
2021-12-01,Paradip,Coal,238983,76159,249472,129.8,114.0,0.87,60,293202
2021-12-01,Paradip,Iron Ore,190599,64051,198235,129.8,114.0,0.87,51,241536
2021-12-01,Chennai,Coal,159957,71242,172977,129.8,114.0,0.87,35,200376
2021-12-01,Chennai,Iron Ore,119526,52002,112161,129.8,114.0,0.87,31,141353
2021-12-01,Kamarajar,Coal,163197,63706,166648,129.8,114.0,0.87,45,208100
2021-12-01,Kamarajar,Iron Ore,127280,55345,134581,129.8,114.0,0.87,39,155339
2021-12-01,Haldia,Coal,124237,46518,110858,129.8,114.0,0.87,24,151144
2021-12-01,Haldia,Iron Ore,119249,36963,121210,129.8,114.0,0.87,35,149702
2022-01-01,Visakhapatnam,Coal,232595,90209,216535,123.8,116.1,0.925,47,292876
2022-01-01,Visakhapatnam,Iron Ore,173862,74607,163751,123.8,116.1,0.925,46,217542
2022-01-01,Paradip,Coal,262267,99758,248267,123.8,116.1,0.925,54,321485
2022-01-01,Paradip,Iron Ore,211526,78537,195343,123.8,116.1,0.925,53,259408
2022-01-01,Chennai,Coal,171961,76397,159953,123.8,116.1,0.925,36,217619
2022-01-01,Chennai,Iron Ore,140203,44301,120763,123.8,116.1,0.925,40,178905
2022-01-01,Kamarajar,Coal,180372,76936,177606,123.8,116.1,0.925,35,225069
2022-01-01,Kamarajar,Iron Ore,139788,62441,143878,123.8,116.1,0.925,38,177896
2022-01-01,Haldia,Coal,150586,63701,155470,123.8,116.1,0.925,34,189121
2022-01-01,Haldia,Iron Ore,111261,34355,101591,123.8,116.1,0.925,36,137764
2022-02-01,Visakhapatnam,Coal,248185,106622,263442,121.2,116.3,1.0,50,308946
2022-02-01,Visakhapatnam,Iron Ore,206482,67649,202519,121.2,116.3,1.0,52,253125
2022-02-01,Paradip,Coal,271971,119393,251348,121.2,116.3,1.0,57,338803
2022-02-01,Paradip,Iron Ore,216625,82100,237821,121.2,116.3,1.0,59,272590
2022-02-01,Chennai,Coal,183445,66966,191923,121.2,116.3,1.0,35,234380
2022-02-01,Chennai,Iron Ore,138851,44260,143459,121.2,116.3,1.0,34,173462
2022-02-01,Kamarajar,Coal,209119,83517,215063,121.2,116.3,1.0,38,260003
2022-02-01,Kamarajar,Iron Ore,149480,54044,132529,121.2,116.3,1.0,40,184795
2022-02-01,Haldia,Coal,157164,68132,137113,121.2,116.3,1.0,37,196398
2022-02-01,Haldia,Iron Ore,125713,43810,123822,121.2,116.3,1.0,38,146163
2022-03-01,Visakhapatnam,Coal,265671,107146,264711,125.0,117.3,1.075,54,333782
2022-03-01,Visakhapatnam,Iron Ore,207559,79925,223413,125.0,117.3,1.075,50,263828
2022-03-01,Paradip,Coal,318738,125762,297574,125.0,117.3,1.075,60,396822
2022-03-01,Paradip,Iron Ore,234409,75320,250870,125.0,117.3,1.075,52,307695
2022-03-01,Chennai,Coal,212672,86950,207326,125.0,117.3,1.075,36,277878
2022-03-01,Chennai,Iron Ore,160149,62633,166583,125.0,117.3,1.075,43,205490
2022-03-01,Kamarajar,Coal,212107,66376,210893,125.0,117.3,1.075,42,266041
2022-03-01,Kamarajar,Iron Ore,154097,58095,163159,125.0,117.3,1.075,44,196187
2022-03-01,Haldia,Coal,179826,66355,173283,125.0,117.3,1.075,29,222250
2022-03-01,Haldia,Iron Ore,137467,44397,142686,125.0,117.3,1.075,38,171591
2022-04-01,Visakhapatnam,Coal,279499,92940,246120,129.2,116.6,1.13,57,357319
2022-04-01,Visakhapatnam,Iron Ore,230275,91322,236645,129.2,116.6,1.13,49,295298
2022-04-01,Paradip,Coal,307273,108328,262102,129.2,116.6,1.13,54,380258
2022-04-01,Paradip,Iron Ore,240777,104538,242475,129.2,116.6,1.13,54,304134
2022-04-01,Chennai,Coal,209474,80107,228902,129.2,116.6,1.13,36,268125
2022-04-01,Chennai,Iron Ore,164206,71410,155798,129.2,116.6,1.13,35,198250
2022-04-01,Kamarajar,Coal,231993,89584,247580,129.2,116.6,1.13,40,292293
2022-04-01,Kamarajar,Iron Ore,165947,64912,181530,129.2,116.6,1.13,39,216881
2022-04-01,Haldia,Coal,154432,66053,158405,129.2,116.6,1.13,35,180576
2022-04-01,Haldia,Iron Ore,147893,48296,138290,129.2,116.6,1.13,30,187572
2022-05-01,Visakhapatnam,Coal,298005,117416,265797,131.4,117.1,1.15,52,368216
2022-05-01,Visakhapatnam,Iron Ore,237278,98890,245627,131.4,117.1,1.15,49,303505
2022-05-01,Paradip,Coal,307535,113617,318224,131.4,117.1,1.15,60,384728
2022-05-01,Paradip,Iron Ore,264232,86325,235297,131.4,117.1,1.15,57,328973
2022-05-01,Chennai,Coal,214862,69541,222259,131.4,117.1,1.15,35,270904
2022-05-01,Chennai,Iron Ore,163939,54714,155703,131.4,117.1,1.15,43,203737
2022-05-01,Kamarajar,Coal,222260,82583,224357,131.4,117.1,1.15,41,280882
2022-05-01,Kamarajar,Iron Ore,182771,74868,188535,131.4,117.1,1.15,41,230430
2022-05-01,Haldia,Coal,193614,65571,171631,131.4,117.1,1.15,31,235723
2022-05-01,Haldia,Iron Ore,146642,52219,142964,131.4,117.1,1.15,30,194289
2022-06-01,Visakhapatnam,Coal,285296,125617,258461,120.6,109.7,1.13,50,330698
2022-06-01,Visakhapatnam,Iron Ore,225445,70306,199452,120.6,109.7,1.13,46,268113
2022-06-01,Paradip,Coal,292716,101886,307635,120.6,109.7,1.13,56,358993
2022-06-01,Paradip,Iron Ore,243105,101856,232976,120.6,109.7,1.13,52,293337
2022-06-01,Chennai,Coal,215842,94052,219166,120.6,109.7,1.13,38,255268
2022-06-01,Chennai,Iron Ore,156501,54523,168577,120.6,109.7,1.13,37,192399
2022-06-01,Kamarajar,Coal,227196,71957,248655,120.6,109.7,1.13,36,270462
2022-06-01,Kamarajar,Iron Ore,175685,55816,182055,120.6,109.7,1.13,37,209200
2022-06-01,Haldia,Coal,182746,56420,178684,120.6,109.7,1.13,32,224327
2022-06-01,Haldia,Iron Ore,139972,43518,123600,120.6,109.7,1.13,33,162552
2022-07-01,Visakhapatnam,Coal,266137,89446,290480,139.9,118.3,1.075,47,345697
2022-07-01,Visakhapatnam,Iron Ore,222111,82202,195640,139.9,118.3,1.075,51,282165
2022-07-01,Paradip,Coal,292906,124947,290776,139.9,118.3,1.075,58,371270
2022-07-01,Paradip,Iron Ore,240447,72241,242832,139.9,118.3,1.075,52,306218
2022-07-01,Chennai,Coal,199257,88732,185364,139.9,118.3,1.075,36,247002
2022-07-01,Chennai,Iron Ore,173636,56081,190481,139.9,118.3,1.075,46,224156
2022-07-01,Kamarajar,Coal,213970,68693,187216,139.9,118.3,1.075,39,275334
2022-07-01,Kamarajar,Iron Ore,178790,61489,176800,139.9,118.3,1.075,35,235838
2022-07-01,Haldia,Coal,169372,55655,149453,139.9,118.3,1.075,28,216537
2022-07-01,Haldia,Iron Ore,139270,50517,140349,139.9,118.3,1.075,37,174729
2022-08-01,Visakhapatnam,Coal,263323,99210,259588,136.3,115.4,1.0,50,328352
2022-08-01,Visakhapatnam,Iron Ore,195038,81334,209694,136.3,115.4,1.0,49,246094
2022-08-01,Paradip,Coal,265464,102716,246610,136.3,115.4,1.0,53,331542
2022-08-01,Paradip,Iron Ore,201404,69080,193272,136.3,115.4,1.0,57,256350
2022-08-01,Chennai,Coal,187800,84330,160655,136.3,115.4,1.0,37,230488
2022-08-01,Chennai,Iron Ore,140932,53697,125255,136.3,115.4,1.0,38,172849
2022-08-01,Kamarajar,Coal,191925,73325,203852,136.3,115.4,1.0,41,234637
2022-08-01,Kamarajar,Iron Ore,155991,52981,162607,136.3,115.4,1.0,43,198489
2022-08-01,Haldia,Coal,148649,53809,141276,136.3,115.4,1.0,35,179557
2022-08-01,Haldia,Iron Ore,121532,45771,117049,136.3,115.4,1.0,36,151464
2022-09-01,Visakhapatnam,Coal,243190,96496,226128,126.6,110.5,0.925,54,286513
2022-09-01,Visakhapatnam,Iron Ore,177694,77598,191430,126.6,110.5,0.925,58,215984
2022-09-01,Paradip,Coal,277613,86281,264817,126.6,110.5,0.925,54,339056
2022-09-01,Paradip,Iron Ore,198258,86015,208413,126.6,110.5,0.925,56,234825
2022-09-01,Chennai,Coal,172191,64488,185114,126.6,110.5,0.925,37,215407
2022-09-01,Chennai,Iron Ore,130084,45382,114909,126.6,110.5,0.925,38,152018
2022-09-01,Kamarajar,Coal,185401,66918,181611,126.6,110.5,0.925,44,220231
2022-09-01,Kamarajar,Iron Ore,148538,65681,128345,126.6,110.5,0.925,36,178319
2022-09-01,Haldia,Coal,150015,62351,136714,126.6,110.5,0.925,33,174442
2022-09-01,Haldia,Iron Ore,118684,39239,102125,126.6,110.5,0.925,28,146361
2022-10-01,Visakhapatnam,Coal,237328,89874,253790,129.0,114.2,0.87,48,299421
2022-10-01,Visakhapatnam,Iron Ore,171483,53487,159061,129.0,114.2,0.87,57,210553
2022-10-01,Paradip,Coal,240336,105575,240003,129.0,114.2,0.87,54,290614
2022-10-01,Paradip,Iron Ore,181495,64165,174257,129.0,114.2,0.87,59,229076
2022-10-01,Chennai,Coal,168488,61437,182092,129.0,114.2,0.87,40,211656
2022-10-01,Chennai,Iron Ore,143122,53172,150882,129.0,114.2,0.87,41,181043
2022-10-01,Kamarajar,Coal,156500,55615,134761,129.0,114.2,0.87,44,184663
2022-10-01,Kamarajar,Iron Ore,136212,51251,121676,129.0,114.2,0.87,34,168064
2022-10-01,Haldia,Coal,141212,60524,136734,129.0,114.2,0.87,32,172478
2022-10-01,Haldia,Iron Ore,98641,35893,98347,129.0,114.2,0.87,36,116446
2022-11-01,Visakhapatnam,Coal,213249,95838,193783,125.4,115.7,0.85,50,262945
2022-11-01,Visakhapatnam,Iron Ore,176630,78378,166152,125.4,115.7,0.85,51,221274
2022-11-01,Paradip,Coal,237882,87415,260633,125.4,115.7,0.85,56,299338
2022-11-01,Paradip,Iron Ore,191447,62167,180525,125.4,115.7,0.85,58,234726
2022-11-01,Chennai,Coal,146654,52205,139427,125.4,115.7,0.85,38,185788
2022-11-01,Chennai,Iron Ore,124076,49653,116092,125.4,115.7,0.85,37,155120
2022-11-01,Kamarajar,Coal,159241,61486,145956,125.4,115.7,0.85,44,196761
2022-11-01,Kamarajar,Iron Ore,136197,59539,147693,125.4,115.7,0.85,38,164883
2022-11-01,Haldia,Coal,133365,59888,116559,125.4,115.7,0.85,40,161256
2022-11-01,Haldia,Iron Ore,116083,36349,116610,125.4,115.7,0.85,34,146313
2022-12-01,Visakhapatnam,Coal,235666,72993,220348,130.4,114.3,0.87,52,301548
2022-12-01,Visakhapatnam,Iron Ore,175185,55067,149163,130.4,114.3,0.87,49,209770
2022-12-01,Paradip,Coal,225104,96885,206880,130.4,114.3,0.87,57,273733
2022-12-01,Paradip,Iron Ore,179882,70828,195748,130.4,114.3,0.87,54,231104
2022-12-01,Chennai,Coal,156306,68352,150919,130.4,114.3,0.87,39,190288
2022-12-01,Chennai,Iron Ore,117256,49436,113184,130.4,114.3,0.87,40,146276
2022-12-01,Kamarajar,Coal,167565,67355,157070,130.4,114.3,0.87,39,213495
2022-12-01,Kamarajar,Iron Ore,130298,42033,128317,130.4,114.3,0.87,49,154229
2022-12-01,Haldia,Coal,133110,50760,145758,130.4,114.3,0.87,33,163522
2022-12-01,Haldia,Iron Ore,101179,37227,89586,130.4,114.3,0.87,31,121946
2023-01-01,Visakhapatnam,Coal,227969,74590,244730,131.9,117.6,0.925,50,302881
2023-01-01,Visakhapatnam,Iron Ore,182786,77599,178857,131.9,117.6,0.925,49,224862
2023-01-01,Paradip,Coal,264742,80591,251645,131.9,117.6,0.925,62,341036
2023-01-01,Paradip,Iron Ore,210851,70582,206469,131.9,117.6,0.925,62,268196
2023-01-01,Chennai,Coal,157333,58453,145011,131.9,117.6,0.925,39,191290
2023-01-01,Chennai,Iron Ore,149325,50990,135252,131.9,117.6,0.925,38,185668
2023-01-01,Kamarajar,Coal,190610,62883,179741,131.9,117.6,0.925,39,243457
2023-01-01,Kamarajar,Iron Ore,150185,56133,153756,131.9,117.6,0.925,43,194670
2023-01-01,Haldia,Coal,146302,50496,155770,131.9,117.6,0.925,32,187400
2023-01-01,Haldia,Iron Ore,118329,52605,127997,131.9,117.6,0.925,32,150391
2023-02-01,Visakhapatnam,Coal,256794,80798,237726,126.0,127.8,1.0,54,347376
2023-02-01,Visakhapatnam,Iron Ore,210932,91379,192865,126.0,127.8,1.0,54,277361
2023-02-01,Paradip,Coal,279345,100902,262784,126.0,127.8,1.0,55,380053
2023-02-01,Paradip,Iron Ore,230552,96240,217827,126.0,127.8,1.0,59,315429
2023-02-01,Chennai,Coal,203548,69543,198900,126.0,127.8,1.0,36,275482
2023-02-01,Chennai,Iron Ore,147211,48237,130465,126.0,127.8,1.0,38,203282
2023-02-01,Kamarajar,Coal,202258,76039,217511,126.0,127.8,1.0,42,278952
2023-02-01,Kamarajar,Iron Ore,161368,49861,149640,126.0,127.8,1.0,37,217664
2023-02-01,Haldia,Coal,165806,59368,176556,126.0,127.8,1.0,27,228067
2023-02-01,Haldia,Iron Ore,132629,46346,119267,126.0,127.8,1.0,25,185688
2023-03-01,Visakhapatnam,Coal,273865,105071,263996,134.5,115.6,1.075,57,336087
2023-03-01,Visakhapatnam,Iron Ore,228710,93376,242200,134.5,115.6,1.075,49,294662
2023-03-01,Paradip,Coal,307319,111994,273880,134.5,115.6,1.075,51,385907
2023-03-01,Paradip,Iron Ore,236592,100144,212482,134.5,115.6,1.075,53,282710
2023-03-01,Chennai,Coal,213120,76282,197563,134.5,115.6,1.075,43,267772
2023-03-01,Chennai,Iron Ore,151305,61861,141191,134.5,115.6,1.075,33,187801
2023-03-01,Kamarajar,Coal,212284,80115,201155,134.5,115.6,1.075,37,270125
2023-03-01,Kamarajar,Iron Ore,174499,77123,156576,134.5,115.6,1.075,35,209569
2023-03-01,Haldia,Coal,179503,73960,169561,134.5,115.6,1.075,33,223031
2023-03-01,Haldia,Iron Ore,138862,58892,119219,134.5,115.6,1.075,34,174082
2023-04-01,Visakhapatnam,Coal,291379,113064,269106,129.3,116.8,1.13,51,368174
2023-04-01,Visakhapatnam,Iron Ore,224776,81608,237250,129.3,116.8,1.13,53,287242
2023-04-01,Paradip,Coal,312577,131816,289531,129.3,116.8,1.13,52,386767
2023-04-01,Paradip,Iron Ore,261939,84040,261453,129.3,116.8,1.13,56,332545
2023-04-01,Chennai,Coal,214827,87800,183508,129.3,116.8,1.13,35,260960
2023-04-01,Chennai,Iron Ore,176736,60952,185181,129.3,116.8,1.13,37,220828
2023-04-01,Kamarajar,Coal,229953,98369,216807,129.3,116.8,1.13,38,285245
2023-04-01,Kamarajar,Iron Ore,194336,74877,200388,129.3,116.8,1.13,45,242262
2023-04-01,Haldia,Coal,188252,75761,189097,129.3,116.8,1.13,37,240748
2023-04-01,Haldia,Iron Ore,139946,60538,124632,129.3,116.8,1.13,28,171662
2023-05-01,Visakhapatnam,Coal,299263,103616,304392,138.1,114.0,1.15,56,369296
2023-05-01,Visakhapatnam,Iron Ore,227775,90777,228162,138.1,114.0,1.15,52,280407
2023-05-01,Paradip,Coal,331266,102429,291342,138.1,114.0,1.15,57,402811
2023-05-01,Paradip,Iron Ore,255453,96522,250718,138.1,114.0,1.15,62,316258
2023-05-01,Chennai,Coal,220168,71889,201223,138.1,114.0,1.15,35,278996
2023-05-01,Chennai,Iron Ore,190400,77451,172656,138.1,114.0,1.15,41,230382
2023-05-01,Kamarajar,Coal,218755,73611,199814,138.1,114.0,1.15,41,267309
2023-05-01,Kamarajar,Iron Ore,182313,76062,157047,138.1,114.0,1.15,40,219655
2023-05-01,Haldia,Coal,168533,57516,155146,138.1,114.0,1.15,37,205457
2023-05-01,Haldia,Iron Ore,144033,59612,123744,138.1,114.0,1.15,37,174895
2023-06-01,Visakhapatnam,Coal,298112,103212,288810,131.6,120.7,1.13,52,392309
2023-06-01,Visakhapatnam,Iron Ore,265428,87037,266109,131.6,120.7,1.13,49,355423
2023-06-01,Paradip,Coal,311192,103169,298308,131.6,120.7,1.13,58,404742
2023-06-01,Paradip,Iron Ore,262785,80459,238147,131.6,120.7,1.13,51,343488
2023-06-01,Chennai,Coal,219125,87354,202086,131.6,120.7,1.13,39,284936
2023-06-01,Chennai,Iron Ore,168324,75449,156046,131.6,120.7,1.13,42,216594
2023-06-01,Kamarajar,Coal,230180,91671,238091,131.6,120.7,1.13,38,297658
2023-06-01,Kamarajar,Iron Ore,173980,68201,159341,131.6,120.7,1.13,35,219414
2023-06-01,Haldia,Coal,177009,78660,159109,131.6,120.7,1.13,26,217962
2023-06-01,Haldia,Iron Ore,133284,52695,120999,131.6,120.7,1.13,30,178906
2023-07-01,Visakhapatnam,Coal,274296,85470,255224,132.1,118.9,1.075,60,356869
2023-07-01,Visakhapatnam,Iron Ore,221071,85624,188851,132.1,118.9,1.075,50,279819
2023-07-01,Paradip,Coal,310798,102189,283998,132.1,118.9,1.075,53,391205
2023-07-01,Paradip,Iron Ore,229151,90002,244853,132.1,118.9,1.075,59,286160
2023-07-01,Chennai,Coal,206374,82185,177983,132.1,118.9,1.075,33,262116
2023-07-01,Chennai,Iron Ore,164321,58082,157205,132.1,118.9,1.075,38,210606
2023-07-01,Kamarajar,Coal,209344,78887,188145,132.1,118.9,1.075,34,258624
2023-07-01,Kamarajar,Iron Ore,170588,59140,151846,132.1,118.9,1.075,37,216790
2023-07-01,Haldia,Coal,165808,51279,169666,132.1,118.9,1.075,31,218416
2023-07-01,Haldia,Iron Ore,142163,58262,143978,132.1,118.9,1.075,32,180155
2023-08-01,Visakhapatnam,Coal,262236,82168,286324,124.7,117.8,1.0,54,336634
2023-08-01,Visakhapatnam,Iron Ore,206702,64450,208263,124.7,117.8,1.0,49,262108
2023-08-01,Paradip,Coal,279560,89399,296797,124.7,117.8,1.0,58,360044
2023-08-01,Paradip,Iron Ore,221572,70138,242590,124.7,117.8,1.0,57,285221
2023-08-01,Chennai,Coal,202812,74839,182531,124.7,117.8,1.0,34,253678
2023-08-01,Chennai,Iron Ore,139562,57820,145461,124.7,117.8,1.0,41,177665
2023-08-01,Kamarajar,Coal,198161,77915,198844,124.7,117.8,1.0,37,252063
2023-08-01,Kamarajar,Iron Ore,157874,65062,148971,124.7,117.8,1.0,41,203969
2023-08-01,Haldia,Coal,152909,68022,147734,124.7,117.8,1.0,34,188109
2023-08-01,Haldia,Iron Ore,120204,46136,108509,124.7,117.8,1.0,32,153120
2023-09-01,Visakhapatnam,Coal,253064,100007,225190,121.6,122.0,0.925,58,326203
2023-09-01,Visakhapatnam,Iron Ore,191094,85684,188216,121.6,122.0,0.925,52,248151
2023-09-01,Paradip,Coal,265745,90628,233478,121.6,122.0,0.925,54,353305
2023-09-01,Paradip,Iron Ore,219836,86240,229465,121.6,122.0,0.925,59,290408
2023-09-01,Chennai,Coal,167220,60199,148900,121.6,122.0,0.925,37,211368
2023-09-01,Chennai,Iron Ore,145466,56573,129692,121.6,122.0,0.925,35,193081
2023-09-01,Kamarajar,Coal,182788,64073,198105,121.6,122.0,0.925,41,239681
2023-09-01,Kamarajar,Iron Ore,150570,63005,161679,121.6,122.0,0.925,40,199874
2023-09-01,Haldia,Coal,165164,61160,156346,121.6,122.0,0.925,41,218159
2023-09-01,Haldia,Iron Ore,118040,50588,117918,121.6,122.0,0.925,31,158623
2023-10-01,Visakhapatnam,Coal,221606,99525,209296,121.7,122.8,0.87,51,288991
2023-10-01,Visakhapatnam,Iron Ore,178302,70840,189053,121.7,122.8,0.87,58,239002
2023-10-01,Paradip,Coal,241158,87985,263005,121.7,122.8,0.87,55,323947
2023-10-01,Paradip,Iron Ore,212174,93974,183247,121.7,122.8,0.87,54,275479
2023-10-01,Chennai,Coal,187462,71996,164344,121.7,122.8,0.87,35,244383
2023-10-01,Chennai,Iron Ore,126882,54707,125381,121.7,122.8,0.87,34,169774
2023-10-01,Kamarajar,Coal,179981,58556,180268,121.7,122.8,0.87,44,242366
2023-10-01,Kamarajar,Iron Ore,137568,44652,133746,121.7,122.8,0.87,45,186801
2023-10-01,Haldia,Coal,135439,44573,120796,121.7,122.8,0.87,26,179538
2023-10-01,Haldia,Iron Ore,108792,37855,113259,121.7,122.8,0.87,32,146648
2023-11-01,Visakhapatnam,Coal,211369,80147,200094,115.5,113.8,0.85,49,264901
2023-11-01,Visakhapatnam,Iron Ore,177314,72258,166621,115.5,113.8,0.85,53,216278
2023-11-01,Paradip,Coal,248791,98434,262514,115.5,113.8,0.85,55,305131
2023-11-01,Paradip,Iron Ore,193187,61054,210101,115.5,113.8,0.85,48,245013
2023-11-01,Chennai,Coal,180367,66489,194293,115.5,113.8,0.85,33,224553
2023-11-01,Chennai,Iron Ore,131370,43155,116937,115.5,113.8,0.85,37,160733
2023-11-01,Kamarajar,Coal,164968,68047,158089,115.5,113.8,0.85,40,196290
2023-11-01,Kamarajar,Iron Ore,136488,48471,124610,115.5,113.8,0.85,41,163903
2023-11-01,Haldia,Coal,130662,47312,124204,115.5,113.8,0.85,32,162910
2023-11-01,Haldia,Iron Ore,91653,33220,85832,115.5,113.8,0.85,29,113905
2023-12-01,Visakhapatnam,Coal,236834,88008,233943,144.4,119.3,0.87,48,308683
2023-12-01,Visakhapatnam,Iron Ore,184824,72895,202043,144.4,119.3,0.87,45,240495
2023-12-01,Paradip,Coal,248547,89934,257670,144.4,119.3,0.87,52,321176
2023-12-01,Paradip,Iron Ore,212341,72947,203692,144.4,119.3,0.87,50,268096
2023-12-01,Chennai,Coal,161998,64637,141450,144.4,119.3,0.87,39,195874
2023-12-01,Chennai,Iron Ore,144946,52420,128728,144.4,119.3,0.87,39,185184
2023-12-01,Kamarajar,Coal,175962,59149,179059,144.4,119.3,0.87,41,223921
2023-12-01,Kamarajar,Iron Ore,136111,54075,142091,144.4,119.3,0.87,46,179806
2023-12-01,Haldia,Coal,136274,53894,137406,144.4,119.3,0.87,25,172413
2023-12-01,Haldia,Iron Ore,117001,42825,121983,144.4,119.3,0.87,29,159370
2024-01-01,Visakhapatnam,Coal,246909,110310,221385,144.8,125.2,0.925,53,321914
2024-01-01,Visakhapatnam,Iron Ore,204609,77775,204146,144.8,125.2,0.925,53,278022
2024-01-01,Paradip,Coal,268645,82215,271346,144.8,125.2,0.925,58,365411
2024-01-01,Paradip,Iron Ore,212244,82130,181703,144.8,125.2,0.925,54,284972
2024-01-01,Chennai,Coal,186643,62432,185637,144.8,125.2,0.925,39,254279
2024-01-01,Chennai,Iron Ore,143055,54303,138275,144.8,125.2,0.925,41,194551
2024-01-01,Kamarajar,Coal,200469,88613,219628,144.8,125.2,0.925,41,272842
2024-01-01,Kamarajar,Iron Ore,161790,51054,164351,144.8,125.2,0.925,39,215180
2024-01-01,Haldia,Coal,158288,69934,166322,144.8,125.2,0.925,29,206643
2024-01-01,Haldia,Iron Ore,116122,40049,120720,144.8,125.2,0.925,32,163014
2024-02-01,Visakhapatnam,Coal,293656,99839,318844,139.2,120.8,1.0,53,391033
2024-02-01,Visakhapatnam,Iron Ore,219448,73868,219745,139.2,120.8,1.0,52,285935
2024-02-01,Paradip,Coal,287427,105523,288511,139.2,120.8,1.0,59,375116
2024-02-01,Paradip,Iron Ore,222713,70029,204980,139.2,120.8,1.0,65,285741
2024-02-01,Chennai,Coal,199330,60715,182270,139.2,120.8,1.0,36,261020
2024-02-01,Chennai,Iron Ore,153924,49573,147747,139.2,120.8,1.0,37,198297
2024-02-01,Kamarajar,Coal,207729,74910,184873,139.2,120.8,1.0,45,265582
2024-02-01,Kamarajar,Iron Ore,167834,60296,168993,139.2,120.8,1.0,43,224768
2024-02-01,Haldia,Coal,168057,68078,159114,139.2,120.8,1.0,23,213539
2024-02-01,Haldia,Iron Ore,131450,52985,132866,139.2,120.8,1.0,35,169526
2024-03-01,Visakhapatnam,Coal,290219,122505,299197,136.1,121.8,1.075,55,369886
2024-03-01,Visakhapatnam,Iron Ore,230966,77287,249180,136.1,121.8,1.075,48,301801
2024-03-01,Paradip,Coal,320292,142720,292923,136.1,121.8,1.075,54,414944
2024-03-01,Paradip,Iron Ore,244570,108924,221504,136.1,121.8,1.075,61,318777
2024-03-01,Chennai,Coal,217654,93517,221344,136.1,121.8,1.075,37,285230
2024-03-01,Chennai,Iron Ore,178300,70944,167869,136.1,121.8,1.075,34,228587
2024-03-01,Kamarajar,Coal,215923,95759,209645,136.1,121.8,1.075,40,277940
2024-03-01,Kamarajar,Iron Ore,188966,82849,198983,136.1,121.8,1.075,41,248952
2024-03-01,Haldia,Coal,186522,74445,180228,136.1,121.8,1.075,31,251043
2024-03-01,Haldia,Iron Ore,132167,54807,118009,136.1,121.8,1.075,35,168546
2024-04-01,Visakhapatnam,Coal,313633,125391,298121,130.1,123.7,1.13,49,408491
2024-04-01,Visakhapatnam,Iron Ore,249298,76357,242716,130.1,123.7,1.13,50,328085
2024-04-01,Paradip,Coal,332140,143173,331007,130.1,123.7,1.13,61,443481
2024-04-01,Paradip,Iron Ore,254226,83994,270856,130.1,123.7,1.13,55,341519
2024-04-01,Chennai,Coal,216669,94234,217687,130.1,123.7,1.13,29,290145
2024-04-01,Chennai,Iron Ore,175139,53641,152961,130.1,123.7,1.13,35,231571
2024-04-01,Kamarajar,Coal,246418,100020,224331,130.1,123.7,1.13,39,322819
2024-04-01,Kamarajar,Iron Ore,188584,80191,186542,130.1,123.7,1.13,47,243840
2024-04-01,Haldia,Coal,187383,76828,168357,130.1,123.7,1.13,32,252259
2024-04-01,Haldia,Iron Ore,147217,46990,143334,130.1,123.7,1.13,30,207691
2024-05-01,Visakhapatnam,Coal,310685,117214,299479,134.3,125.9,1.15,55,421064
2024-05-01,Visakhapatnam,Iron Ore,246208,84109,249248,134.3,125.9,1.15,60,336973
2024-05-01,Paradip,Coal,347478,105994,310796,134.3,125.9,1.15,63,464874
2024-05-01,Paradip,Iron Ore,252514,106622,218538,134.3,125.9,1.15,58,333712
2024-05-01,Chennai,Coal,219305,66130,237803,134.3,125.9,1.15,37,304766
2024-05-01,Chennai,Iron Ore,180623,56709,170888,134.3,125.9,1.15,38,236813
2024-05-01,Kamarajar,Coal,242703,104578,257043,134.3,125.9,1.15,35,331068
2024-05-01,Kamarajar,Iron Ore,180021,76798,169264,134.3,125.9,1.15,38,241694
2024-05-01,Haldia,Coal,182729,59694,166970,134.3,125.9,1.15,32,247768
2024-05-01,Haldia,Iron Ore,140621,45899,139341,134.3,125.9,1.15,31,191732
2024-06-01,Visakhapatnam,Coal,311000,113631,298881,134.3,123.8,1.13,52,420517
2024-06-01,Visakhapatnam,Iron Ore,241687,103824,227645,134.3,123.8,1.13,51,315968
2024-06-01,Paradip,Coal,352484,128347,323939,134.3,123.8,1.13,57,473608
2024-06-01,Paradip,Iron Ore,261396,107348,272736,134.3,123.8,1.13,54,351106
2024-06-01,Chennai,Coal,221441,94692,213266,134.3,123.8,1.13,34,294004
2024-06-01,Chennai,Iron Ore,181925,70772,167005,134.3,123.8,1.13,35,238360
2024-06-01,Kamarajar,Coal,232932,92519,236874,134.3,123.8,1.13,42,308666
2024-06-01,Kamarajar,Iron Ore,191481,86145,200264,134.3,123.8,1.13,42,256656
2024-06-01,Haldia,Coal,179318,73274,185168,134.3,123.8,1.13,38,243593
2024-06-01,Haldia,Iron Ore,151386,48169,145662,134.3,123.8,1.13,24,203700
2024-07-01,Visakhapatnam,Coal,300892,90709,296583,133.8,122.3,1.075,49,391512
2024-07-01,Visakhapatnam,Iron Ore,227813,82173,220839,133.8,122.3,1.075,55,301204
2024-07-01,Paradip,Coal,311828,99416,303968,133.8,122.3,1.075,56,423769
2024-07-01,Paradip,Iron Ore,264703,105417,289297,133.8,122.3,1.075,52,348106
2024-07-01,Chennai,Coal,218176,85411,223126,133.8,122.3,1.075,36,288816
2024-07-01,Chennai,Iron Ore,170771,59017,170224,133.8,122.3,1.075,33,223861
2024-07-01,Kamarajar,Coal,235619,76287,212095,133.8,122.3,1.075,44,305735
2024-07-01,Kamarajar,Iron Ore,170372,61682,156763,133.8,122.3,1.075,43,224205
2024-07-01,Haldia,Coal,181773,81266,170528,133.8,122.3,1.075,27,230917
2024-07-01,Haldia,Iron Ore,140393,56822,120895,133.8,122.3,1.075,30,188154
2024-08-01,Visakhapatnam,Coal,281091,92744,285716,145.8,124.1,1.0,58,376052
2024-08-01,Visakhapatnam,Iron Ore,200592,83478,192875,145.8,124.1,1.0,47,263685
2024-08-01,Paradip,Coal,288130,106766,297613,145.8,124.1,1.0,53,383531
2024-08-01,Paradip,Iron Ore,245774,109990,263576,145.8,124.1,1.0,59,329628
2024-08-01,Chennai,Coal,206244,92555,218184,145.8,124.1,1.0,38,279937
2024-08-01,Chennai,Iron Ore,162635,55111,160312,145.8,124.1,1.0,41,216454
2024-08-01,Kamarajar,Coal,213050,76272,200931,145.8,124.1,1.0,38,276945
2024-08-01,Kamarajar,Iron Ore,172752,62405,167373,145.8,124.1,1.0,37,229001
2024-08-01,Haldia,Coal,150068,52205,152349,145.8,124.1,1.0,33,198768
2024-08-01,Haldia,Iron Ore,129435,48685,142137,145.8,124.1,1.0,31,172938
2024-09-01,Visakhapatnam,Coal,244498,101453,248027,136.8,123.8,0.925,53,328404
2024-09-01,Visakhapatnam,Iron Ore,199232,67006,183143,136.8,123.8,0.925,53,267840
2024-09-01,Paradip,Coal,294699,99184,274954,136.8,123.8,0.925,60,400316
2024-09-01,Paradip,Iron Ore,213347,80632,186874,136.8,123.8,0.925,62,282061
2024-09-01,Chennai,Coal,179043,80116,177678,136.8,123.8,0.925,34,239617
2024-09-01,Chennai,Iron Ore,150618,51972,131400,136.8,123.8,0.925,37,196176
2024-09-01,Kamarajar,Coal,195095,64299,200590,136.8,123.8,0.925,40,260489
2024-09-01,Kamarajar,Iron Ore,148109,46801,154442,136.8,123.8,0.925,40,201193
2024-09-01,Haldia,Coal,159737,62176,141541,136.8,123.8,0.925,36,208582
2024-09-01,Haldia,Iron Ore,112400,43142,111527,136.8,123.8,0.925,34,152842
2024-10-01,Visakhapatnam,Coal,222964,70749,224234,136.2,123.6,0.87,51,298367
2024-10-01,Visakhapatnam,Iron Ore,201688,87108,202582,136.2,123.6,0.87,50,273311
2024-10-01,Paradip,Coal,256003,114919,224799,136.2,123.6,0.87,57,333070
2024-10-01,Paradip,Iron Ore,199064,74755,184586,136.2,123.6,0.87,50,263916
2024-10-01,Chennai,Coal,186791,66780,171217,136.2,123.6,0.87,39,249677
2024-10-01,Chennai,Iron Ore,133024,57290,137180,136.2,123.6,0.87,40,176535
2024-10-01,Kamarajar,Coal,187564,82346,161220,136.2,123.6,0.87,40,241118
2024-10-01,Kamarajar,Iron Ore,137946,49261,134184,136.2,123.6,0.87,46,186160
2024-10-01,Haldia,Coal,145317,62902,140007,136.2,123.6,0.87,28,197477
2024-10-01,Haldia,Iron Ore,105437,35733,95635,136.2,123.6,0.87,25,135557
2024-11-01,Visakhapatnam,Coal,199447,68421,198175,129.7,123.1,0.85,56,265107
2024-11-01,Visakhapatnam,Iron Ore,198753,84266,185572,129.7,123.1,0.85,48,265871
2024-11-01,Paradip,Coal,238518,78334,257348,129.7,123.1,0.85,57,319943
2024-11-01,Paradip,Iron Ore,194879,85452,201064,129.7,123.1,0.85,58,257793
2024-11-01,Chennai,Coal,173562,53409,169341,129.7,123.1,0.85,38,228187
2024-11-01,Chennai,Iron Ore,128141,39280,119743,129.7,123.1,0.85,38,173476
2024-11-01,Kamarajar,Coal,176246,68378,152193,129.7,123.1,0.85,41,229826
2024-11-01,Kamarajar,Iron Ore,150311,63378,160750,129.7,123.1,0.85,37,207514
2024-11-01,Haldia,Coal,134995,58936,129770,129.7,123.1,0.85,24,175591
2024-11-01,Haldia,Iron Ore,106305,43026,104645,129.7,123.1,0.85,33,140754
2024-12-01,Visakhapatnam,Coal,233737,99500,239193,142.4,123.6,0.87,45,310284
2024-12-01,Visakhapatnam,Iron Ore,189879,57467,186409,142.4,123.6,0.87,51,251665
2024-12-01,Paradip,Coal,265756,103484,261481,142.4,123.6,0.87,50,345062
2024-12-01,Paradip,Iron Ore,200504,62750,218189,142.4,123.6,0.87,55,272706
2024-12-01,Chennai,Coal,166330,60615,144329,142.4,123.6,0.87,38,214633
2024-12-01,Chennai,Iron Ore,144912,49530,143547,142.4,123.6,0.87,41,192339
2024-12-01,Kamarajar,Coal,184914,60832,168184,142.4,123.6,0.87,45,242674
2024-12-01,Kamarajar,Iron Ore,154976,55051,169918,142.4,123.6,0.87,45,203196
2024-12-01,Haldia,Coal,151546,62644,150159,142.4,123.6,0.87,34,200261
2024-12-01,Haldia,Iron Ore,122448,46603,123056,142.4,123.6,0.87,35,163427
2025-01-01,Visakhapatnam,Coal,247216,107669,240936,134.5,123.1,0.925,50,328399
2025-01-01,Visakhapatnam,Iron Ore,206940,90046,184496,134.5,123.1,0.925,50,269261
2025-01-01,Paradip,Coal,284976,110390,247869,134.5,123.1,0.925,56,369695
2025-01-01,Paradip,Iron Ore,240067,94617,224882,134.5,123.1,0.925,46,315366
2025-01-01,Chennai,Coal,198363,85505,214967,134.5,123.1,0.925,36,267690
2025-01-01,Chennai,Iron Ore,151437,54727,163584,134.5,123.1,0.925,36,201600
2025-01-01,Kamarajar,Coal,207825,83157,205793,134.5,123.1,0.925,40,276743
2025-01-01,Kamarajar,Iron Ore,159443,68819,149907,134.5,123.1,0.925,41,204772
2025-01-01,Haldia,Coal,165787,54459,141056,134.5,123.1,0.925,32,225003
2025-01-01,Haldia,Iron Ore,143458,63455,152210,134.5,123.1,0.925,34,190183
2025-02-01,Visakhapatnam,Coal,281362,113117,268285,143.4,123.8,1.0,53,367904
2025-02-01,Visakhapatnam,Iron Ore,218908,92732,225419,143.4,123.8,1.0,48,293937
2025-02-01,Paradip,Coal,294390,106233,253773,143.4,123.8,1.0,52,390145
2025-02-01,Paradip,Iron Ore,242291,102056,265895,143.4,123.8,1.0,63,323543
2025-02-01,Chennai,Coal,205742,76617,215260,143.4,123.8,1.0,43,277668
2025-02-01,Chennai,Iron Ore,144377,59054,147114,143.4,123.8,1.0,42,184303
2025-02-01,Kamarajar,Coal,213576,77357,217670,143.4,123.8,1.0,38,285406
2025-02-01,Kamarajar,Iron Ore,172507,72386,181423,143.4,123.8,1.0,27,227333
2025-02-01,Haldia,Coal,158937,47944,155998,143.4,123.8,1.0,33,204658
2025-02-01,Haldia,Iron Ore,131921,52208,134390,143.4,123.8,1.0,34,170303
2025-03-01,Visakhapatnam,Coal,299718,132424,325621,142.3,130.4,1.075,43,423626
2025-03-01,Visakhapatnam,Iron Ore,232622,103824,232269,142.3,130.4,1.075,57,322104
2025-03-01,Paradip,Coal,326679,110795,342656,142.3,130.4,1.075,62,459974
2025-03-01,Paradip,Iron Ore,249979,93770,271454,142.3,130.4,1.075,61,358523
2025-03-01,Chennai,Coal,219865,98015,225743,142.3,130.4,1.075,34,304588
2025-03-01,Chennai,Iron Ore,165987,55830,145035,142.3,130.4,1.075,41,221004
2025-03-01,Kamarajar,Coal,229427,101956,239626,142.3,130.4,1.075,37,324571
2025-03-01,Kamarajar,Iron Ore,176849,77670,161731,142.3,130.4,1.075,44,245603
2025-03-01,Haldia,Coal,183977,63278,180647,142.3,130.4,1.075,29,259633
2025-03-01,Haldia,Iron Ore,131881,40220,135391,142.3,130.4,1.075,26,187257
2025-04-01,Visakhapatnam,Coal,311418,123710,292732,132.1,127.6,1.13,44,424891
2025-04-01,Visakhapatnam,Iron Ore,249203,102433,233776,132.1,127.6,1.13,51,330890
2025-04-01,Paradip,Coal,327982,112134,317468,132.1,127.6,1.13,58,453350
2025-04-01,Paradip,Iron Ore,277150,100108,254992,132.1,127.6,1.13,58,382245
2025-04-01,Chennai,Coal,228275,75641,240647,132.1,127.6,1.13,35,320943
2025-04-01,Chennai,Iron Ore,174483,64407,172786,132.1,127.6,1.13,37,239908
2025-04-01,Kamarajar,Coal,241777,104107,242728,132.1,127.6,1.13,42,336264
2025-04-01,Kamarajar,Iron Ore,192633,61720,203246,132.1,127.6,1.13,42,267940
2025-04-01,Haldia,Coal,182079,61717,160545,132.1,127.6,1.13,32,247286
2025-04-01,Haldia,Iron Ore,144166,48080,125053,132.1,127.6,1.13,26,185039
2025-05-01,Visakhapatnam,Coal,320697,132099,275947,141.3,131.8,1.15,49,432751
2025-05-01,Visakhapatnam,Iron Ore,248091,100966,259288,141.3,131.8,1.15,54,351365
2025-05-01,Paradip,Coal,360030,153283,340236,141.3,131.8,1.15,54,499037
2025-05-01,Paradip,Iron Ore,267954,88935,273170,141.3,131.8,1.15,53,376666
2025-05-01,Chennai,Coal,243437,103259,247975,141.3,131.8,1.15,39,339544
2025-05-01,Chennai,Iron Ore,188288,72144,164773,141.3,131.8,1.15,33,259335
2025-05-01,Kamarajar,Coal,268004,112663,253598,141.3,131.8,1.15,38,377924
2025-05-01,Kamarajar,Iron Ore,205939,70901,225770,141.3,131.8,1.15,44,296209
2025-05-01,Haldia,Coal,206794,80354,197201,141.3,131.8,1.15,33,291474
2025-05-01,Haldia,Iron Ore,156826,51424,160522,141.3,131.8,1.15,25,220444
2025-06-01,Visakhapatnam,Coal,314159,134464,321795,147.4,120.6,1.13,60,404630
2025-06-01,Visakhapatnam,Iron Ore,241111,107127,231274,147.4,120.6,1.13,46,303334
2025-06-01,Paradip,Coal,335821,145803,365308,147.4,120.6,1.13,63,446778
2025-06-01,Paradip,Iron Ore,272816,110315,235851,147.4,120.6,1.13,52,353347
2025-06-01,Chennai,Coal,248562,90006,213348,147.4,120.6,1.13,34,316586
2025-06-01,Chennai,Iron Ore,193887,64269,194040,147.4,120.6,1.13,41,252724
2025-06-01,Kamarajar,Coal,254457,112373,273669,147.4,120.6,1.13,41,335938
2025-06-01,Kamarajar,Iron Ore,183069,55622,174021,147.4,120.6,1.13,29,234197
2025-06-01,Haldia,Coal,185846,62888,168075,147.4,120.6,1.13,35,243178
2025-06-01,Haldia,Iron Ore,138915,48694,134453,147.4,120.6,1.13,25,174756
2025-07-01,Visakhapatnam,Coal,306966,117654,292026,143.3,128.3,1.075,56,421794
2025-07-01,Visakhapatnam,Iron Ore,233123,76174,241349,143.3,128.3,1.075,44,316868
2025-07-01,Paradip,Coal,331868,127585,289951,143.3,128.3,1.075,58,453116
2025-07-01,Paradip,Iron Ore,263442,99798,233672,143.3,128.3,1.075,54,361428
2025-07-01,Chennai,Coal,232841,99871,203114,143.3,128.3,1.075,36,313222
2025-07-01,Chennai,Iron Ore,174146,70341,152046,143.3,128.3,1.075,26,240456
2025-07-01,Kamarajar,Coal,249653,79711,240432,143.3,128.3,1.075,38,343662
2025-07-01,Kamarajar,Iron Ore,193724,73499,168249,143.3,128.3,1.075,35,266222
2025-07-01,Haldia,Coal,187804,68196,190167,143.3,128.3,1.075,35,252273
2025-07-01,Haldia,Iron Ore,150156,46123,155591,143.3,128.3,1.075,23,205909
2025-08-01,Visakhapatnam,Coal,275310,106944,299960,143.0,131.3,1.0,49,395440
2025-08-01,Visakhapatnam,Iron Ore,217150,73016,213087,143.0,131.3,1.0,49,300926
2025-08-01,Paradip,Coal,306381,120850,269748,143.0,131.3,1.0,55,426559
2025-08-01,Paradip,Iron Ore,229463,72338,217020,143.0,131.3,1.0,63,326126
2025-08-01,Chennai,Coal,215337,81380,209965,143.0,131.3,1.0,43,307706
2025-08-01,Chennai,Iron Ore,171301,66471,173651,143.0,131.3,1.0,36,239000
2025-08-01,Kamarajar,Coal,221438,84795,230262,143.0,131.3,1.0,39,310655
2025-08-01,Kamarajar,Iron Ore,170362,73920,183086,143.0,131.3,1.0,41,239146
2025-08-01,Haldia,Coal,154927,60754,160314,143.0,131.3,1.0,29,213734
2025-08-01,Haldia,Iron Ore,125125,46968,116671,143.0,131.3,1.0,29,167800
2025-09-01,Visakhapatnam,Coal,271926,94854,245452,133.4,130.7,0.925,56,377222
2025-09-01,Visakhapatnam,Iron Ore,203402,91473,203535,133.4,130.7,0.925,53,279549
2025-09-01,Paradip,Coal,287171,99739,252275,133.4,130.7,0.925,57,397473
2025-09-01,Paradip,Iron Ore,215464,89897,232248,133.4,130.7,0.925,57,310029
2025-09-01,Chennai,Coal,190156,80937,168748,133.4,130.7,0.925,42,261228
2025-09-01,Chennai,Iron Ore,150489,58895,132657,133.4,130.7,0.925,32,210370
2025-09-01,Kamarajar,Coal,209648,81289,226446,133.4,130.7,0.925,43,298637
2025-09-01,Kamarajar,Iron Ore,166141,57573,151928,133.4,130.7,0.925,38,231230
2025-09-01,Haldia,Coal,155536,49606,136407,133.4,130.7,0.925,23,223192
2025-09-01,Haldia,Iron Ore,122127,46646,129263,133.4,130.7,0.925,22,169965
2025-10-01,Visakhapatnam,Coal,241960,98141,253472,136.0,125.4,0.87,57,326905
2025-10-01,Visakhapatnam,Iron Ore,180922,65779,173866,136.0,125.4,0.87,53,243216
2025-10-01,Paradip,Coal,262827,104160,252438,136.0,125.4,0.87,54,355538
2025-10-01,Paradip,Iron Ore,208838,67773,226581,136.0,125.4,0.87,56,290410
2025-10-01,Chennai,Coal,191566,82828,167291,136.0,125.4,0.87,37,256090
2025-10-01,Chennai,Iron Ore,144910,54732,159200,136.0,125.4,0.87,35,196162
2025-10-01,Kamarajar,Coal,185801,75321,203261,136.0,125.4,0.87,44,251804
2025-10-01,Kamarajar,Iron Ore,139970,52331,135311,136.0,125.4,0.87,38,188119
2025-10-01,Haldia,Coal,147036,62093,154055,136.0,125.4,0.87,39,191604
2025-10-01,Haldia,Iron Ore,114023,39123,101385,136.0,125.4,0.87,28,145091
2025-11-01,Visakhapatnam,Coal,236584,88660,251703,143.2,122.8,0.85,49,314998
2025-11-01,Visakhapatnam,Iron Ore,192002,63168,176444,143.2,122.8,0.85,53,260340
2025-11-01,Paradip,Coal,269838,82706,278331,143.2,122.8,0.85,58,361310
2025-11-01,Paradip,Iron Ore,215208,81914,204001,143.2,122.8,0.85,52,283941
2025-11-01,Chennai,Coal,161416,50636,151344,143.2,122.8,0.85,34,212175
2025-11-01,Chennai,Iron Ore,136407,59224,128673,143.2,122.8,0.85,36,172528
2025-11-01,Kamarajar,Coal,194242,63999,167539,143.2,122.8,0.85,37,249712
2025-11-01,Kamarajar,Iron Ore,148584,48315,136407,143.2,122.8,0.85,41,194369
2025-11-01,Haldia,Coal,163196,62512,152231,143.2,122.8,0.85,31,210419
2025-11-01,Haldia,Iron Ore,105544,34043,106922,143.2,122.8,0.85,35,141918
2025-12-01,Visakhapatnam,Coal,252257,105906,220497,134.2,125.9,0.87,60,335320
2025-12-01,Visakhapatnam,Iron Ore,199632,65162,216397,134.2,125.9,0.87,53,277043
2025-12-01,Paradip,Coal,255192,99648,269006,134.2,125.9,0.87,54,343417
2025-12-01,Paradip,Iron Ore,192556,67556,203461,134.2,125.9,0.87,49,258106
2025-12-01,Chennai,Coal,181113,71630,163794,134.2,125.9,0.87,37,240545
2025-12-01,Chennai,Iron Ore,151561,53934,153757,134.2,125.9,0.87,33,209186
2025-12-01,Kamarajar,Coal,187462,62029,197889,134.2,125.9,0.87,35,256366
2025-12-01,Kamarajar,Iron Ore,159300,63618,149987,134.2,125.9,0.87,35,208294
2025-12-01,Haldia,Coal,140931,59352,126865,134.2,125.9,0.87,35,187514
2025-12-01,Haldia,Iron Ore,128175,51835,125824,134.2,125.9,0.87,20,173659
2026-01-01,Visakhapatnam,Coal,272600,92901,254631,143.3,133.2,0.925,53,386078
2026-01-01,Visakhapatnam,Iron Ore,219145,70600,225154,143.3,133.2,0.925,52,321429
2026-01-01,Paradip,Coal,289654,87412,296674,143.3,133.2,0.925,49,419795
2026-01-01,Paradip,Iron Ore,246041,101601,222684,143.3,133.2,0.925,51,342077
2026-01-01,Chennai,Coal,213217,68486,230745,143.3,133.2,0.925,36,305693
2026-01-01,Chennai,Iron Ore,154410,56693,160530,143.3,133.2,0.925,34,225972
2026-01-01,Kamarajar,Coal,209767,65410,227786,143.3,133.2,0.925,45,310096
2026-01-01,Kamarajar,Iron Ore,165513,50229,165519,143.3,133.2,0.925,40,231128
2026-01-01,Haldia,Coal,174812,63980,165777,143.3,133.2,0.925,32,238808
2026-01-01,Haldia,Iron Ore,134368,57467,144934,143.3,133.2,0.925,29,190278
2026-02-01,Visakhapatnam,Coal,292792,109166,265815,138.9,131.9,1.0,52,406411
2026-02-01,Visakhapatnam,Iron Ore,232520,81878,242367,138.9,131.9,1.0,61,333392
2026-02-01,Paradip,Coal,325442,100970,330462,138.9,131.9,1.0,59,471735
2026-02-01,Paradip,Iron Ore,243311,84418,224818,138.9,131.9,1.0,55,337973
2026-02-01,Chennai,Coal,226572,98573,193350,138.9,131.9,1.0,39,316951
2026-02-01,Chennai,Iron Ore,165910,53398,142638,138.9,131.9,1.0,33,226983
2026-02-01,Kamarajar,Coal,218456,91049,230646,138.9,131.9,1.0,41,303128
2026-02-01,Kamarajar,Iron Ore,178196,57635,179732,138.9,131.9,1.0,42,248666
2026-02-01,Haldia,Coal,183304,70042,201560,138.9,131.9,1.0,40,264845
2026-02-01,Haldia,Iron Ore,137297,43197,124740,138.9,131.9,1.0,28,194335
2026-03-01,Visakhapatnam,Coal,311808,111116,282262,130.7,127.0,1.075,51,422827
2026-03-01,Visakhapatnam,Iron Ore,236856,88184,244416,130.7,127.0,1.075,54,318765
2026-03-01,Paradip,Coal,326813,119378,310936,130.7,127.0,1.075,56,445915
2026-03-01,Paradip,Iron Ore,268629,116990,277727,130.7,127.0,1.075,55,362620
2026-03-01,Chennai,Coal,233297,81904,208518,130.7,127.0,1.075,44,310738
2026-03-01,Chennai,Iron Ore,173988,65633,162815,130.7,127.0,1.075,40,238117
2026-03-01,Kamarajar,Coal,228264,100338,197312,130.7,127.0,1.075,36,304760
2026-03-01,Kamarajar,Iron Ore,190417,84224,179854,130.7,127.0,1.075,45,254889
2026-03-01,Haldia,Coal,180862,81333,180659,130.7,127.0,1.075,27,247535
2026-03-01,Haldia,Iron Ore,149231,62584,156179,130.7,127.0,1.075,23,199002
2026-04-01,Visakhapatnam,Coal,322524,137007,307919,137.1,127.3,1.13,55,435204
2026-04-01,Visakhapatnam,Iron Ore,251635,101876,273780,137.1,127.3,1.13,54,349310
2026-04-01,Paradip,Coal,335807,140104,319932,137.1,127.3,1.13,55,459013
2026-04-01,Paradip,Iron Ore,277199,106220,245667,137.1,127.3,1.13,51,376693
2026-04-01,Chennai,Coal,247927,80228,242486,137.1,127.3,1.13,38,344978
2026-04-01,Chennai,Iron Ore,204105,64005,174864,137.1,127.3,1.13,36,269815
2026-04-01,Kamarajar,Coal,261764,112930,262556,137.1,127.3,1.13,39,352135
2026-04-01,Kamarajar,Iron Ore,201814,85428,194916,137.1,127.3,1.13,36,266977
2026-04-01,Haldia,Coal,192188,77325,175411,137.1,127.3,1.13,29,265583
2026-04-01,Haldia,Iron Ore,145907,55788,143583,137.1,127.3,1.13,32,192318
2026-05-01,Visakhapatnam,Coal,321488,107032,293884,139.7,130.2,1.15,52,445790
2026-05-01,Visakhapatnam,Iron Ore,257255,90832,281627,139.7,130.2,1.15,60,361422
2026-05-01,Paradip,Coal,364052,152571,387493,139.7,130.2,1.15,56,512759
2026-05-01,Paradip,Iron Ore,286756,128068,288486,139.7,130.2,1.15,55,393771
2026-05-01,Chennai,Coal,244670,74516,253206,139.7,130.2,1.15,39,346972
2026-05-01,Chennai,Iron Ore,194987,59119,184394,139.7,130.2,1.15,36,273917
2026-05-01,Kamarajar,Coal,257808,107506,238570,139.7,130.2,1.15,41,357712
2026-05-01,Kamarajar,Iron Ore,205195,82394,199093,139.7,130.2,1.15,43,284730
2026-05-01,Haldia,Coal,190787,81640,177748,139.7,130.2,1.15,29,253939
2026-05-01,Haldia,Iron Ore,159138,50921,156920,139.7,130.2,1.15,37,226175
2026-06-01,Visakhapatnam,Coal,324741,111398,293182,138.6,135.0,1.13,47,460441
2026-06-01,Visakhapatnam,Iron Ore,268205,97052,265346,138.6,135.0,1.13,56,389320
2026-06-01,Paradip,Coal,345308,115122,363971,138.6,135.0,1.13,49,503505
2026-06-01,Paradip,Iron Ore,271303,105794,274435,138.6,135.0,1.13,55,391992
2026-06-01,Chennai,Coal,228802,98592,237903,138.6,135.0,1.13,36,327748
2026-06-01,Chennai,Iron Ore,187968,59322,171681,138.6,135.0,1.13,39,262740
2026-06-01,Kamarajar,Coal,254447,82700,230277,138.6,135.0,1.13,41,363838
2026-06-01,Kamarajar,Iron Ore,197516,61062,205528,138.6,135.0,1.13,40,288832
2026-06-01,Haldia,Coal,181561,67308,185657,138.6,135.0,1.13,34,258093
2026-06-01,Haldia,Iron Ore,149666,51432,161850,138.6,135.0,1.13,23,215295
2026-07-01,Visakhapatnam,Coal,321011,105550,329754,136.3,132.2,1.075,49,464437
2026-07-01,Visakhapatnam,Iron Ore,248108,96762,250157,136.3,132.2,1.075,48,354761
2026-07-01,Paradip,Coal,324824,120861,344217,136.3,132.2,1.075,57,467609
2026-07-01,Paradip,Iron Ore,270620,110902,290599,136.3,132.2,1.075,56,384469
2026-07-01,Chennai,Coal,240709,81197,260046,136.3,132.2,1.075,44,345371
2026-07-01,Chennai,Iron Ore,168028,61680,174365,136.3,132.2,1.075,35,247493
2026-07-01,Kamarajar,Coal,252026,101895,225593,136.3,132.2,1.075,42,350672
2026-07-01,Kamarajar,Iron Ore,203096,61341,189043,136.3,132.2,1.075,38,291892
2026-07-01,Haldia,Coal,177710,72039,173211,136.3,132.2,1.075,26,247954
2026-07-01,Haldia,Iron Ore,159896,65253,162418,136.3,132.2,1.075,29,224809
2026-08-01,Visakhapatnam,Coal,284352,109449,299840,146.2,131.3,1.0,52,404930
2026-08-01,Visakhapatnam,Iron Ore,215645,89638,185350,146.2,131.3,1.0,50,293783
2026-08-01,Paradip,Coal,318044,114640,270817,146.2,131.3,1.0,59,441424
2026-08-01,Paradip,Iron Ore,245354,97721,267984,146.2,131.3,1.0,53,342814
2026-08-01,Chennai,Coal,196778,84635,205058,146.2,131.3,1.0,43,281493
2026-08-01,Chennai,Iron Ore,158256,54086,156240,146.2,131.3,1.0,39,216188
2026-08-01,Kamarajar,Coal,228596,71821,198250,146.2,131.3,1.0,38,315882
2026-08-01,Kamarajar,Iron Ore,175532,63182,170077,146.2,131.3,1.0,37,248736
2026-08-01,Haldia,Coal,174294,63309,168811,146.2,131.3,1.0,34,246897
2026-08-01,Haldia,Iron Ore,136129,52653,127016,146.2,131.3,1.0,34,187335
2026-09-01,Visakhapatnam,Coal,276083,107697,273495,147.9,128.2,0.925,55,375626
2026-09-01,Visakhapatnam,Iron Ore,211755,78448,215474,147.9,128.2,0.925,56,291268
2026-09-01,Paradip,Coal,297010,115916,261242,147.9,128.2,0.925,51,395811
2026-09-01,Paradip,Iron Ore,235213,100371,239536,147.9,128.2,0.925,55,317352
2026-09-01,Chennai,Coal,187900,68254,200152,147.9,128.2,0.925,34,264914
2026-09-01,Chennai,Iron Ore,142488,47659,128930,147.9,128.2,0.925,28,197124
2026-09-01,Kamarajar,Coal,206821,87380,202724,147.9,128.2,0.925,40,280723
2026-09-01,Kamarajar,Iron Ore,169411,72572,169395,147.9,128.2,0.925,43,231126
2026-09-01,Haldia,Coal,161738,52899,147948,147.9,128.2,0.925,31,227116
2026-09-01,Haldia,Iron Ore,144268,56950,136713,147.9,128.2,0.925,25,192153
